station,well,band,day,date,dye,medium,peak,conc
23,RW-13,0,0,1/6/2020,fluorescein,groundwater,*,*
24,EMW-14,0,0,1/6/2020,fluorescein,groundwater,*,*
25,RW-01,0,0,1/6/2020,fluorescein,groundwater,*,*
26,RW-03,0,0,1/6/2020,fluorescein,groundwater,*,*
1,RW-02,1,0,1/6/2020,fluorescein,groundwater,ND,ND
2,VE-02,1,0,1/6/2020,fluorescein,groundwater,ND,ND
18,RW-12,1,0,1/6/2020,fluorescein,groundwater,*,*
19,RW-10,1,0,1/6/2020,fluorescein,groundwater,*,*
3,RW-04,2,0,1/6/2020,fluorescein,groundwater,ND,ND
4,RW-06,2,0,1/6/2020,fluorescein,groundwater,ND,ND
5,RW-07,2,0,1/6/2020,fluorescein,groundwater,ND,ND
6,RW-08,2,0,1/6/2020,fluorescein,groundwater,515.5,0.459
20,RW-05,2,0,1/6/2020,fluorescein,groundwater,*,*
21,EMW-20,2,0,1/6/2020,fluorescein,groundwater,*,*
7,EMW-07,3,0,1/6/2020,fluorescein,groundwater,ND,ND
8,EMW-11,3,0,1/6/2020,fluorescein,groundwater,ND,ND
9,EMW-12,3,0,1/6/2020,fluorescein,groundwater,ND,ND
22,EMW-13,3,0,1/6/2020,fluorescein,groundwater,*,*
10,EMW-18,4,0,1/6/2020,fluorescein,groundwater,*,*
11,EMW-19,4,0,1/6/2020,fluorescein,groundwater,*,*
12,EMW-21,4.5,0,1/6/2020,fluorescein,groundwater,*,*
13,EMW-01,5,0,1/6/2020,fluorescein,groundwater,*,*
14,EMW-02,5,0,1/6/2020,fluorescein,groundwater,*,*
23,RW-13,0,0,1/6/2020,RWT,groundwater,*,*
24,EMW-14,0,0,1/6/2020,RWT,groundwater,*,*
25,RW-01,0,0,1/6/2020,RWT,groundwater,*,*
26,RW-03,0,0,1/6/2020,RWT,groundwater,*,*
1,RW-02,1,0,1/6/2020,RWT,groundwater,ND,ND
2,VE-02,1,0,1/6/2020,RWT,groundwater,ND,ND
18,RW-12,1,0,1/6/2020,RWT,groundwater,*,*
19,RW-10,1,0,1/6/2020,RWT,groundwater,*,*
3,RW-04,2,0,1/6/2020,RWT,groundwater,ND,ND
4,RW-06,2,0,1/6/2020,RWT,groundwater,ND,ND
5,RW-07,2,0,1/6/2020,RWT,groundwater,ND,ND
6,RW-08,2,0,1/6/2020,RWT,groundwater,515.5,0.459
20,RW-05,2,0,1/6/2020,RWT,groundwater,*,*
21,EMW-20,2,0,1/6/2020,RWT,groundwater,*,*
7,EMW-07,3,0,1/6/2020,RWT,groundwater,ND,ND
8,EMW-11,3,0,1/6/2020,RWT,groundwater,ND,ND
9,EMW-12,3,0,1/6/2020,RWT,groundwater,ND,ND
22,EMW-13,3,0,1/6/2020,RWT,groundwater,*,*
10,EMW-18,4,0,1/6/2020,RWT,groundwater,*,*
11,EMW-19,4,0,1/6/2020,RWT,groundwater,*,*
12,EMW-21,4.5,0,1/6/2020,RWT,groundwater,*,*
13,EMW-01,5,0,1/6/2020,RWT,groundwater,*,*
14,EMW-02,5,0,1/6/2020,RWT,groundwater,*,*
23,RW-13,0,0,1/6/2020,fluorescein,carbon,*,*
24,EMW-14,0,0,1/6/2020,fluorescein,carbon,*,*
25,RW-01,0,0,1/6/2020,fluorescein,carbon,*,*
26,RW-03,0,0,1/6/2020,fluorescein,carbon,*,*
1,RW-02,1,0,1/6/2020,fluorescein,carbon,ND,ND
2,VE-02,1,0,1/6/2020,fluorescein,carbon,ND,ND
18,RW-12,1,0,1/6/2020,fluorescein,carbon,*,*
19,RW-10,1,0,1/6/2020,fluorescein,carbon,*,*
3,RW-04,2,0,1/6/2020,fluorescein,carbon,ND,ND
4,RW-06,2,0,1/6/2020,fluorescein,carbon,ND,ND
5,RW-07,2,0,1/6/2020,fluorescein,carbon,ND,ND
6,RW-08,2,0,1/6/2020,fluorescein,carbon,515.5,0.459
20,RW-05,2,0,1/6/2020,fluorescein,carbon,*,*
21,EMW-20,2,0,1/6/2020,fluorescein,carbon,*,*
7,EMW-07,3,0,1/6/2020,fluorescein,carbon,ND,ND
8,EMW-11,3,0,1/6/2020,fluorescein,carbon,ND,ND
9,EMW-12,3,0,1/6/2020,fluorescein,carbon,ND,ND
22,EMW-13,3,0,1/6/2020,fluorescein,carbon,*,*
10,EMW-18,4,0,1/6/2020,fluorescein,carbon,*,*
11,EMW-19,4,0,1/6/2020,fluorescein,carbon,*,*
12,EMW-21,4.5,0,1/6/2020,fluorescein,carbon,*,*
13,EMW-01,5,0,1/6/2020,fluorescein,carbon,*,*
14,EMW-02,5,0,1/6/2020,fluorescein,carbon,*,*
23,RW-13,0,0,1/6/2020,RWT,groundwater,*,*
24,EMW-14,0,0,1/6/2020,RWT,groundwater,*,*
25,RW-01,0,0,1/6/2020,RWT,groundwater,*,*
26,RW-03,0,0,1/6/2020,RWT,groundwater,*,*
1,RW-02,1,0,1/6/2020,RWT,groundwater,ND,ND
2,VE-02,1,0,1/6/2020,RWT,groundwater,ND,ND
18,RW-12,1,0,1/6/2020,RWT,groundwater,*,*
19,RW-10,1,0,1/6/2020,RWT,groundwater,*,*
3,RW-04,2,0,1/6/2020,RWT,groundwater,ND,ND
4,RW-06,2,0,1/6/2020,RWT,groundwater,ND,ND
5,RW-07,2,0,1/6/2020,RWT,groundwater,ND,ND
6,RW-08,2,0,1/6/2020,RWT,groundwater,515.5,0.459
20,RW-05,2,0,1/6/2020,RWT,groundwater,*,*
21,EMW-20,2,0,1/6/2020,RWT,groundwater,*,*
7,EMW-07,3,0,1/6/2020,RWT,groundwater,ND,ND
8,EMW-11,3,0,1/6/2020,RWT,groundwater,ND,ND
9,EMW-12,3,0,1/6/2020,RWT,groundwater,ND,ND
22,EMW-13,3,0,1/6/2020,RWT,groundwater,*,*
10,EMW-18,4,0,1/6/2020,RWT,groundwater,*,*
11,EMW-19,4,0,1/6/2020,RWT,groundwater,*,*
12,EMW-21,4.5,0,1/6/2020,RWT,groundwater,*,*
13,EMW-01,5,0,1/6/2020,RWT,groundwater,*,*
14,EMW-02,5,0,1/6/2020,RWT,groundwater,*,*
23,RW-13,0,3,1/9/2020,fluorescein,groundwater,*,*
24,EMW-14,0,3,1/9/2020,fluorescein,groundwater,*,*
25,RW-01,0,3,1/9/2020,fluorescein,groundwater,*,*
26,RW-03,0,3,1/9/2020,fluorescein,groundwater,*,*
1,RW-02,1,3,1/9/2020,fluorescein,groundwater,ND,ND
2,VE-02,1,3,1/9/2020,fluorescein,groundwater,ND,ND
18,RW-12,1,3,1/9/2020,fluorescein,groundwater,*,*
19,RW-10,1,3,1/9/2020,fluorescein,groundwater,*,*
3,RW-04,2,3,1/9/2020,fluorescein,groundwater,ND,ND
4,RW-06,2,3,1/9/2020,fluorescein,groundwater,ND,ND
5,RW-07,2,3,1/9/2020,fluorescein,groundwater,ND,ND
6,RW-08,2,3,1/9/2020,fluorescein,groundwater,515.5,0.459
20,RW-05,2,3,1/9/2020,fluorescein,groundwater,*,*
21,EMW-20,2,3,1/9/2020,fluorescein,groundwater,*,*
7,EMW-07,3,3,1/9/2020,fluorescein,groundwater,ND,ND
8,EMW-11,3,3,1/9/2020,fluorescein,groundwater,ND,ND
9,EMW-12,3,3,1/9/2020,fluorescein,groundwater,ND,ND
22,EMW-13,3,3,1/9/2020,fluorescein,groundwater,*,*
10,EMW-18,4,3,1/9/2020,fluorescein,groundwater,*,*
11,EMW-19,4,3,1/9/2020,fluorescein,groundwater,*,*
12,EMW-21,4.5,3,1/9/2020,fluorescein,groundwater,*,*
13,EMW-01,5,3,1/9/2020,fluorescein,groundwater,*,*
14,EMW-02,5,3,1/9/2020,fluorescein,groundwater,*,*
23,RW-13,0,3,1/9/2020,RWT,groundwater,*,*
24,EMW-14,0,3,1/9/2020,RWT,groundwater,*,*
25,RW-01,0,3,1/9/2020,RWT,groundwater,*,*
26,RW-03,0,3,1/9/2020,RWT,groundwater,*,*
1,RW-02,1,3,1/9/2020,RWT,groundwater,-,-
2,VE-02,1,3,1/9/2020,RWT,groundwater,-,-
18,RW-12,1,3,1/9/2020,RWT,groundwater,*,*
19,RW-10,1,3,1/9/2020,RWT,groundwater,*,*
3,RW-04,2,3,1/9/2020,RWT,groundwater,*,*
4,RW-06,2,3,1/9/2020,RWT,groundwater,*,*
5,RW-07,2,3,1/9/2020,RWT,groundwater,*,*
6,RW-08,2,3,1/9/2020,RWT,groundwater,-,-
20,RW-05,2,3,1/9/2020,RWT,groundwater,*,*
21,EMW-20,2,3,1/9/2020,RWT,groundwater,*,*
7,EMW-07,3,3,1/9/2020,RWT,groundwater,-,-
8,EMW-11,3,3,1/9/2020,RWT,groundwater,-,-
9,EMW-12,3,3,1/9/2020,RWT,groundwater,-,-
22,EMW-13,3,3,1/9/2020,RWT,groundwater,*,*
10,EMW-18,4,3,1/9/2020,RWT,groundwater,*,*
11,EMW-19,4,3,1/9/2020,RWT,groundwater,*,*
12,EMW-21,4.5,3,1/9/2020,RWT,groundwater,*,*
13,EMW-01,5,3,1/9/2020,RWT,groundwater,*,*
14,EMW-02,5,3,1/9/2020,RWT,groundwater,*,*
23,RW-13,0,3,1/9/2020,fluorescein,carbon,*,*
24,EMW-14,0,3,1/9/2020,fluorescein,carbon,*,*
25,RW-01,0,3,1/9/2020,fluorescein,carbon,*,*
26,RW-03,0,3,1/9/2020,fluorescein,carbon,*,*
1,RW-02,1,3,1/9/2020,fluorescein,carbon,ND,ND
2,VE-02,1,3,1/9/2020,fluorescein,carbon,ND,ND
18,RW-12,1,3,1/9/2020,fluorescein,carbon,*,*
19,RW-10,1,3,1/9/2020,fluorescein,carbon,*,*
3,RW-04,2,3,1/9/2020,fluorescein,carbon,ND,ND
4,RW-06,2,3,1/9/2020,fluorescein,carbon,ND,ND
5,RW-07,2,3,1/9/2020,fluorescein,carbon,ND,ND
6,RW-08,2,3,1/9/2020,fluorescein,carbon,515.5,0.459
20,RW-05,2,3,1/9/2020,fluorescein,carbon,*,*
21,EMW-20,2,3,1/9/2020,fluorescein,carbon,*,*
7,EMW-07,3,3,1/9/2020,fluorescein,carbon,ND,ND
8,EMW-11,3,3,1/9/2020,fluorescein,carbon,ND,ND
9,EMW-12,3,3,1/9/2020,fluorescein,carbon,ND,ND
22,EMW-13,3,3,1/9/2020,fluorescein,carbon,*,*
10,EMW-18,4,3,1/9/2020,fluorescein,carbon,*,*
11,EMW-19,4,3,1/9/2020,fluorescein,carbon,*,*
12,EMW-21,4.5,3,1/9/2020,fluorescein,carbon,*,*
13,EMW-01,5,3,1/9/2020,fluorescein,carbon,*,*
14,EMW-02,5,3,1/9/2020,fluorescein,carbon,*,*
23,RW-13,0,3,1/9/2020,RWT,carbon,*,*
24,EMW-14,0,3,1/9/2020,RWT,carbon,*,*
25,RW-01,0,3,1/9/2020,RWT,carbon,*,*
26,RW-03,0,3,1/9/2020,RWT,carbon,*,*
1,RW-02,1,3,1/9/2020,RWT,carbon,ND,ND
2,VE-02,1,3,1/9/2020,RWT,carbon,ND,ND
18,RW-12,1,3,1/9/2020,RWT,carbon,*,*
19,RW-10,1,3,1/9/2020,RWT,carbon,*,*
3,RW-04,2,3,1/9/2020,RWT,carbon,ND,ND
4,RW-06,2,3,1/9/2020,RWT,carbon,ND,ND
5,RW-07,2,3,1/9/2020,RWT,carbon,ND,ND
6,RW-08,2,3,1/9/2020,RWT,carbon,ND,ND
20,RW-05,2,3,1/9/2020,RWT,carbon,*,*
21,EMW-20,2,3,1/9/2020,RWT,carbon,*,*
7,EMW-07,3,3,1/9/2020,RWT,carbon,ND,ND
8,EMW-11,3,3,1/9/2020,RWT,carbon,ND,ND
9,EMW-12,3,3,1/9/2020,RWT,carbon,ND,ND
22,EMW-13,3,3,1/9/2020,RWT,carbon,*,*
10,EMW-18,4,3,1/9/2020,RWT,carbon,*,*
11,EMW-19,4,3,1/9/2020,RWT,carbon,*,*
12,EMW-21,4.5,3,1/9/2020,RWT,carbon,*,*
13,EMW-01,5,3,1/9/2020,RWT,carbon,*,*
14,EMW-02,5,3,1/9/2020,RWT,carbon,*,*
23,RW-13,0,28,1/13/2020,fluorescein,groundwater,*,*
24,EMW-14,0,28,1/13/2020,fluorescein,groundwater,*,*
25,RW-01,0,28,1/13/2020,fluorescein,groundwater,*,*
26,RW-03,0,28,1/13/2020,fluorescein,groundwater,*,*
1,RW-02,1,28,1/13/2020,fluorescein,groundwater,-,-
2,VE-02,1,28,1/13/2020,fluorescein,groundwater,-,-
18,RW-12,1,28,1/13/2020,fluorescein,groundwater,*,*
19,RW-10,1,28,1/13/2020,fluorescein,groundwater,*,*
3,RW-04,2,28,1/13/2020,fluorescein,groundwater,-,-
4,RW-06,2,28,1/13/2020,fluorescein,groundwater,-,-
5,RW-07,2,28,1/13/2020,fluorescein,groundwater,-,-
6,RW-08,2,28,1/13/2020,fluorescein,groundwater,-,-
20,RW-05,2,28,1/13/2020,fluorescein,groundwater,*,*
21,EMW-20,2,28,1/13/2020,fluorescein,groundwater,*,*
7,EMW-07,3,28,1/13/2020,fluorescein,groundwater,-,-
8,EMW-11,3,28,1/13/2020,fluorescein,groundwater,-,-
9,EMW-12,3,28,1/13/2020,fluorescein,groundwater,-,-
22,EMW-13,3,28,1/13/2020,fluorescein,groundwater,*,*
10,EMW-18,4,28,1/13/2020,fluorescein,groundwater,*,*
11,EMW-19,4,28,1/13/2020,fluorescein,groundwater,*,*
12,EMW-21,4.5,28,1/13/2020,fluorescein,groundwater,*,*
13,EMW-01,5,28,1/13/2020,fluorescein,groundwater,*,*
14,EMW-02,5,28,1/13/2020,fluorescein,groundwater,*,*
23,RW-13,0,28,1/13/2020,RWT,groundwater,*,*
24,EMW-14,0,28,1/13/2020,RWT,groundwater,*,*
25,RW-01,0,28,1/13/2020,RWT,groundwater,*,*
26,RW-03,0,28,1/13/2020,RWT,groundwater,*,*
1,RW-02,1,28,1/13/2020,RWT,groundwater,-,-
2,VE-02,1,28,1/13/2020,RWT,groundwater,-,-
18,RW-12,1,28,1/13/2020,RWT,groundwater,*,*
19,RW-10,1,28,1/13/2020,RWT,groundwater,*,*
3,RW-04,2,28,1/13/2020,RWT,groundwater,-,-
4,RW-06,2,28,1/13/2020,RWT,groundwater,-,-
5,RW-07,2,28,1/13/2020,RWT,groundwater,-,-
6,RW-08,2,28,1/13/2020,RWT,groundwater,-,-
20,RW-05,2,28,1/13/2020,RWT,groundwater,*,*
21,EMW-20,2,28,1/13/2020,RWT,groundwater,*,*
7,EMW-07,3,28,1/13/2020,RWT,groundwater,-,-
8,EMW-11,3,28,1/13/2020,RWT,groundwater,-,-
9,EMW-12,3,28,1/13/2020,RWT,groundwater,-,-
22,EMW-13,3,28,1/13/2020,RWT,groundwater,*,*
10,EMW-18,4,28,1/13/2020,RWT,groundwater,*,*
11,EMW-19,4,28,1/13/2020,RWT,groundwater,*,*
12,EMW-21,4.5,28,1/13/2020,RWT,groundwater,*,*
13,EMW-01,5,28,1/13/2020,RWT,groundwater,*,*
14,EMW-02,5,28,1/13/2020,RWT,groundwater,*,*
23,RW-13,0,28,1/13/2020,fluorescein,carbon,*,*
24,EMW-14,0,28,1/13/2020,fluorescein,carbon,*,*
25,RW-01,0,28,1/13/2020,fluorescein,carbon,*,*
26,RW-03,0,28,1/13/2020,fluorescein,carbon,*,*
1,RW-02,1,28,1/13/2020,fluorescein,carbon,ND,ND
2,VE-02,1,28,1/13/2020,fluorescein,carbon,ND,ND
18,RW-12,1,28,1/13/2020,fluorescein,carbon,*,*
19,RW-10,1,28,1/13/2020,fluorescein,carbon,*,*
3,RW-04,2,28,1/13/2020,fluorescein,carbon,ND,ND
4,RW-06,2,28,1/13/2020,fluorescein,carbon,ND,ND
5,RW-07,2,28,1/13/2020,fluorescein,carbon,ND,ND
6,RW-08,2,28,1/13/2020,fluorescein,carbon,ND,ND
20,RW-05,2,28,1/13/2020,fluorescein,carbon,*,*
21,EMW-20,2,28,1/13/2020,fluorescein,carbon,*,*
7,EMW-07,3,28,1/13/2020,fluorescein,carbon,515.6,0.262
8,EMW-11,3,28,1/13/2020,fluorescein,carbon,ND,ND
9,EMW-12,3,28,1/13/2020,fluorescein,carbon,ND,ND
22,EMW-13,3,28,1/13/2020,fluorescein,carbon,*,*
10,EMW-18,4,28,1/13/2020,fluorescein,carbon,*,*
11,EMW-19,4,28,1/13/2020,fluorescein,carbon,*,*
12,EMW-21,4.5,28,1/13/2020,fluorescein,carbon,*,*
13,EMW-01,5,28,1/13/2020,fluorescein,carbon,*,*
14,EMW-02,5,28,1/13/2020,fluorescein,carbon,*,*
23,RW-13,0,28,1/13/2020,RWT,carbon,*,*
24,EMW-14,0,28,1/13/2020,RWT,carbon,*,*
25,RW-01,0,28,1/13/2020,RWT,carbon,*,*
26,RW-03,0,28,1/13/2020,RWT,carbon,*,*
1,RW-02,1,28,1/13/2020,RWT,carbon,ND,ND
2,VE-02,1,28,1/13/2020,RWT,carbon,ND,ND
18,RW-12,1,28,1/13/2020,RWT,carbon,*,*
19,RW-10,1,28,1/13/2020,RWT,carbon,*,*
3,RW-04,2,28,1/13/2020,RWT,carbon,ND,ND
4,RW-06,2,28,1/13/2020,RWT,carbon,ND,ND
5,RW-07,2,28,1/13/2020,RWT,carbon,ND,ND
6,RW-08,2,28,1/13/2020,RWT,carbon,ND,ND
20,RW-05,2,28,1/13/2020,RWT,carbon,*,*
21,EMW-20,2,28,1/13/2020,RWT,carbon,*,*
7,EMW-07,3,28,1/13/2020,RWT,carbon,ND,ND
8,EMW-11,3,28,1/13/2020,RWT,carbon,ND,ND
9,EMW-12,3,28,1/13/2020,RWT,carbon,ND,ND
22,EMW-13,3,28,1/13/2020,RWT,carbon,*,*
10,EMW-18,4,28,1/13/2020,RWT,carbon,*,*
11,EMW-19,4,28,1/13/2020,RWT,carbon,*,*
12,EMW-21,4.5,28,1/13/2020,RWT,carbon,*,*
13,EMW-01,5,28,1/13/2020,RWT,carbon,*,*
14,EMW-02,5,28,1/13/2020,RWT,carbon,*,*
23,RW-13,0,28,2/3/2020,fluorescein,groundwater,*,*
24,EMW-14,0,28,2/3/2020,fluorescein,groundwater,*,*
25,RW-01,0,28,2/3/2020,fluorescein,groundwater,*,*
26,RW-03,0,28,2/3/2020,fluorescein,groundwater,*,*
1,RW-02,1,28,2/3/2020,fluorescein,groundwater,-,-
2,VE-02,1,28,2/3/2020,fluorescein,groundwater,-,-
18,RW-12,1,28,2/3/2020,fluorescein,groundwater,*,*
19,RW-10,1,28,2/3/2020,fluorescein,groundwater,*,*
3,RW-04,2,28,2/3/2020,fluorescein,groundwater,ND,ND
4,RW-06,2,28,2/3/2020,fluorescein,groundwater,-,-
5,RW-07,2,28,2/3/2020,fluorescein,groundwater,-,-
6,RW-08,2,28,2/3/2020,fluorescein,groundwater,-,-
20,RW-05,2,28,2/3/2020,fluorescein,groundwater,*,*
21,EMW-20,2,28,2/3/2020,fluorescein,groundwater,*,*
7,EMW-07,3,28,2/3/2020,fluorescein,groundwater,-,-
8,EMW-11,3,28,2/3/2020,fluorescein,groundwater,-,-
9,EMW-12,3,28,2/3/2020,fluorescein,groundwater,-,-
22,EMW-13,3,28,2/3/2020,fluorescein,groundwater,*,*
10,EMW-18,4,28,2/3/2020,fluorescein,groundwater,-,-
11,EMW-19,4,28,2/3/2020,fluorescein,groundwater,-,-
12,EMW-21,4.5,28,2/3/2020,fluorescein,groundwater,ND,ND
13,EMW-01,5,28,2/3/2020,fluorescein,groundwater,-,-
14,EMW-02,5,28,2/3/2020,fluorescein,groundwater,-,-
23,RW-13,0,28,2/3/2020,RWT,groundwater,*,*
24,EMW-14,0,28,2/3/2020,RWT,groundwater,*,*
25,RW-01,0,28,2/3/2020,RWT,groundwater,*,*
26,RW-03,0,28,2/3/2020,RWT,groundwater,*,*
1,RW-02,1,28,2/3/2020,RWT,groundwater,-,-
2,VE-02,1,28,2/3/2020,RWT,groundwater,-,-
18,RW-12,1,28,2/3/2020,RWT,groundwater,*,*
19,RW-10,1,28,2/3/2020,RWT,groundwater,*,*
3,RW-04,2,28,2/3/2020,RWT,groundwater,572.6,3.87
4,RW-06,2,28,2/3/2020,RWT,groundwater,-,-
5,RW-07,2,28,2/3/2020,RWT,groundwater,-,-
6,RW-08,2,28,2/3/2020,RWT,groundwater,-,-
20,RW-05,2,28,2/3/2020,RWT,groundwater,*,*
21,EMW-20,2,28,2/3/2020,RWT,groundwater,*,*
7,EMW-07,3,28,2/3/2020,RWT,groundwater,-,-
8,EMW-11,3,28,2/3/2020,RWT,groundwater,-,-
9,EMW-12,3,28,2/3/2020,RWT,groundwater,-,-
22,EMW-13,3,28,2/3/2020,RWT,groundwater,*,*
10,EMW-18,4,28,2/3/2020,RWT,groundwater,-,-
11,EMW-19,4,28,2/3/2020,RWT,groundwater,-,-
12,EMW-21,4.5,28,2/3/2020,RWT,groundwater,ND,ND
13,EMW-01,5,28,2/3/2020,RWT,groundwater,-,-
14,EMW-02,5,28,2/3/2020,RWT,groundwater,-,-
23,RW-13,0,28,2/3/2020,fluorescein,carbon,*,*
24,EMW-14,0,28,2/3/2020,fluorescein,carbon,*,*
25,RW-01,0,28,2/3/2020,fluorescein,carbon,*,*
26,RW-03,0,28,2/3/2020,fluorescein,carbon,*,*
1,RW-02,1,28,2/3/2020,fluorescein,carbon,-,-
2,VE-02,1,28,2/3/2020,fluorescein,carbon,-,-
18,RW-12,1,28,2/3/2020,fluorescein,carbon,*,*
19,RW-10,1,28,2/3/2020,fluorescein,carbon,*,*
3,RW-04,2,28,2/3/2020,fluorescein,carbon,572.6,3.87
4,RW-06,2,28,2/3/2020,fluorescein,carbon,-,-
5,RW-07,2,28,2/3/2020,fluorescein,carbon,-,-
6,RW-08,2,28,2/3/2020,fluorescein,carbon,-,-
20,RW-05,2,28,2/3/2020,fluorescein,carbon,*,*
21,EMW-20,2,28,2/3/2020,fluorescein,carbon,*,*
7,EMW-07,3,28,2/3/2020,fluorescein,carbon,-,-
8,EMW-11,3,28,2/3/2020,fluorescein,carbon,-,-
9,EMW-12,3,28,2/3/2020,fluorescein,carbon,-,-
22,EMW-13,3,28,2/3/2020,fluorescein,carbon,*,*
10,EMW-18,4,28,2/3/2020,fluorescein,carbon,-,-
11,EMW-19,4,28,2/3/2020,fluorescein,carbon,-,-
12,EMW-21,4.5,28,2/3/2020,fluorescein,carbon,ND,ND
13,EMW-01,5,28,2/3/2020,fluorescein,carbon,-,-
14,EMW-02,5,28,2/3/2020,fluorescein,carbon,-,-
23,RW-13,0,28,2/3/2020,RWT,carbon,*,*
24,EMW-14,0,28,2/3/2020,RWT,carbon,*,*
25,RW-01,0,28,2/3/2020,RWT,carbon,*,*
26,RW-03,0,28,2/3/2020,RWT,carbon,*,*
1,RW-02,1,28,2/3/2020,RWT,carbon,ND,ND
2,VE-02,1,28,2/3/2020,RWT,carbon,ND,ND
18,RW-12,1,28,2/3/2020,RWT,carbon,*,*
19,RW-10,1,28,2/3/2020,RWT,carbon,*,*
3,RW-04,2,28,2/3/2020,RWT,carbon,566.0,9.36
4,RW-06,2,28,2/3/2020,RWT,carbon,ND,ND
5,RW-07,2,28,2/3/2020,RWT,carbon,ND,ND
6,RW-08,2,28,2/3/2020,RWT,carbon,ND,ND
20,RW-05,2,28,2/3/2020,RWT,carbon,*,*
21,EMW-20,2,28,2/3/2020,RWT,carbon,*,*
7,EMW-07,3,28,2/3/2020,RWT,carbon,ND,ND
8,EMW-11,3,28,2/3/2020,RWT,carbon,ND,ND
9,EMW-12,3,28,2/3/2020,RWT,carbon,ND,ND
22,EMW-13,3,28,2/3/2020,RWT,carbon,*,*
10,EMW-18,4,28,2/3/2020,RWT,carbon,ND,ND
11,EMW-19,4,28,2/3/2020,RWT,carbon,ND,ND
12,EMW-21,4.5,28,2/3/2020,RWT,carbon,ND,ND
13,EMW-01,5,28,2/3/2020,RWT,carbon,ND,ND
14,EMW-02,5,28,2/3/2020,RWT,carbon,ND,ND
23,RW-13,0,35,2/10/2020,fluorescein,groundwater,*,*
24,EMW-14,0,35,2/10/2020,fluorescein,groundwater,*,*
25,RW-01,0,35,2/10/2020,fluorescein,groundwater,*,*
26,RW-03,0,35,2/10/2020,fluorescein,groundwater,*,*
1,RW-02,1,35,2/10/2020,fluorescein,groundwater,-,-
2,VE-02,1,35,2/10/2020,fluorescein,groundwater,-,-
18,RW-12,1,35,2/10/2020,fluorescein,groundwater,ND,ND
19,RW-10,1,35,2/10/2020,fluorescein,groundwater,ND,ND
3,RW-04,2,35,2/10/2020,fluorescein,groundwater,ND,ND
4,RW-06,2,35,2/10/2020,fluorescein,groundwater,-,-
5,RW-07,2,35,2/10/2020,fluorescein,groundwater,-,-
6,RW-08,2,35,2/10/2020,fluorescein,groundwater,-,-
20,RW-05,2,35,2/10/2020,fluorescein,groundwater,ND,ND
21,EMW-20,2,35,2/10/2020,fluorescein,groundwater,ND,ND
7,EMW-07,3,35,2/10/2020,fluorescein,groundwater,-,-
8,EMW-11,3,35,2/10/2020,fluorescein,groundwater,-,-
9,EMW-12,3,35,2/10/2020,fluorescein,groundwater,-,-
22,EMW-13,3,35,2/10/2020,fluorescein,groundwater,ND,ND
10,EMW-18,4,35,2/10/2020,fluorescein,groundwater,*,*
11,EMW-19,4,35,2/10/2020,fluorescein,groundwater,*,*
12,EMW-21,4.5,35,2/10/2020,fluorescein,groundwater,*,*
13,EMW-01,5,35,2/10/2020,fluorescein,groundwater,*,*
14,EMW-02,5,35,2/10/2020,fluorescein,groundwater,*,*
23,RW-13,0,35,2/10/2020,RWT,groundwater,*,*
24,EMW-14,0,35,2/10/2020,RWT,groundwater,*,*
25,RW-01,0,35,2/10/2020,RWT,groundwater,*,*
26,RW-03,0,35,2/10/2020,RWT,groundwater,*,*
1,RW-02,1,35,2/10/2020,RWT,groundwater,-,-
2,VE-02,1,35,2/10/2020,RWT,groundwater,-,-
18,RW-12,1,35,2/10/2020,RWT,groundwater,ND,ND
19,RW-10,1,35,2/10/2020,RWT,groundwater,ND,ND
3,RW-04,2,35,2/10/2020,RWT,groundwater,ND,ND
4,RW-06,2,35,2/10/2020,RWT,groundwater,-,-
5,RW-07,2,35,2/10/2020,RWT,groundwater,-,-
6,RW-08,2,35,2/10/2020,RWT,groundwater,-,-
20,RW-05,2,35,2/10/2020,RWT,groundwater,ND,ND
21,EMW-20,2,35,2/10/2020,RWT,groundwater,ND,ND
7,EMW-07,3,35,2/10/2020,RWT,groundwater,-,-
8,EMW-11,3,35,2/10/2020,RWT,groundwater,-,-
9,EMW-12,3,35,2/10/2020,RWT,groundwater,-,-
22,EMW-13,3,35,2/10/2020,RWT,groundwater,ND,ND
10,EMW-18,4,35,2/10/2020,RWT,groundwater,*,*
11,EMW-19,4,35,2/10/2020,RWT,groundwater,*,*
12,EMW-21,4.5,35,2/10/2020,RWT,groundwater,*,*
13,EMW-01,5,35,2/10/2020,RWT,groundwater,*,*
14,EMW-02,5,35,2/10/2020,RWT,groundwater,*,*
23,RW-13,0,35,2/10/2020,fluorescein,carbon,*,*
24,EMW-14,0,35,2/10/2020,fluorescein,carbon,*,*
25,RW-01,0,35,2/10/2020,fluorescein,carbon,*,*
26,RW-03,0,35,2/10/2020,fluorescein,carbon,*,*
1,RW-02,1,35,2/10/2020,fluorescein,carbon,ND,ND
2,VE-02,1,35,2/10/2020,fluorescein,carbon,ND,ND
18,RW-12,1,35,2/10/2020,fluorescein,carbon,*,*
19,RW-10,1,35,2/10/2020,fluorescein,carbon,*,*
3,RW-04,2,35,2/10/2020,fluorescein,carbon,ND,ND
4,RW-06,2,35,2/10/2020,fluorescein,carbon,ND,ND
5,RW-07,2,35,2/10/2020,fluorescein,carbon,ND,ND
6,RW-08,2,35,2/10/2020,fluorescein,carbon,ND,ND
20,RW-05,2,35,2/10/2020,fluorescein,carbon,*,*
21,EMW-20,2,35,2/10/2020,fluorescein,carbon,*,*
7,EMW-07,3,35,2/10/2020,fluorescein,carbon,ND,ND
8,EMW-11,3,35,2/10/2020,fluorescein,carbon,ND,ND
9,EMW-12,3,35,2/10/2020,fluorescein,carbon,ND,ND
22,EMW-13,3,35,2/10/2020,fluorescein,carbon,*,*
10,EMW-18,4,35,2/10/2020,fluorescein,carbon,*,*
11,EMW-19,4,35,2/10/2020,fluorescein,carbon,*,*
12,EMW-21,4.5,35,2/10/2020,fluorescein,carbon,*,*
13,EMW-01,5,35,2/10/2020,fluorescein,carbon,*,*
14,EMW-02,5,35,2/10/2020,fluorescein,carbon,*,*
23,RW-13,0,35,2/10/2020,RWT,carbon,*,*
24,EMW-14,0,35,2/10/2020,RWT,carbon,*,*
25,RW-01,0,35,2/10/2020,RWT,carbon,*,*
26,RW-03,0,35,2/10/2020,RWT,carbon,*,*
1,RW-02,1,35,2/10/2020,RWT,carbon,ND,ND
2,VE-02,1,35,2/10/2020,RWT,carbon,ND,ND
18,RW-12,1,35,2/10/2020,RWT,carbon,*,*
19,RW-10,1,35,2/10/2020,RWT,carbon,*,*
3,RW-04,2,35,2/10/2020,RWT,carbon,567.8,8.80
4,RW-06,2,35,2/10/2020,RWT,carbon,ND,ND
5,RW-07,2,35,2/10/2020,RWT,carbon,ND,ND
6,RW-08,2,35,2/10/2020,RWT,carbon,ND,ND
20,RW-05,2,35,2/10/2020,RWT,carbon,*,*
21,EMW-20,2,35,2/10/2020,RWT,carbon,*,*
7,EMW-07,3,35,2/10/2020,RWT,carbon,ND,ND
8,EMW-11,3,35,2/10/2020,RWT,carbon,ND,ND
9,EMW-12,3,35,2/10/2020,RWT,carbon,ND,ND
22,EMW-13,3,35,2/10/2020,RWT,carbon,*,*
10,EMW-18,4,35,2/10/2020,RWT,carbon,ND,ND
11,EMW-19,4,35,2/10/2020,RWT,carbon,ND,ND
12,EMW-21,4.5,35,2/10/2020,RWT,carbon,ND,ND
13,EMW-01,5,35,2/10/2020,RWT,carbon,ND,ND
14,EMW-02,5,35,2/10/2020,RWT,carbon,ND,ND
23,RW-13,0,42,2/18/2020,fluorescein,groundwater,*,*
24,EMW-14,0,42,2/18/2020,fluorescein,groundwater,*,*
25,RW-01,0,42,2/18/2020,fluorescein,groundwater,*,*
26,RW-03,0,42,2/18/2020,fluorescein,groundwater,*,*
1,RW-02,1,42,2/18/2020,fluorescein,groundwater,-,-
2,VE-02,1,42,2/18/2020,fluorescein,groundwater,-,-
18,RW-12,1,42,2/18/2020,fluorescein,groundwater,ND,ND
19,RW-10,1,42,2/18/2020,fluorescein,groundwater,ND,ND
3,RW-04,2,42,2/18/2020,fluorescein,groundwater,ND,ND
4,RW-06,2,42,2/18/2020,fluorescein,groundwater,-,-
5,RW-07,2,42,2/18/2020,fluorescein,groundwater,-,-
6,RW-08,2,42,2/18/2020,fluorescein,groundwater,-,-
20,RW-05,2,42,2/18/2020,fluorescein,groundwater,ND,ND
21,EMW-20,2,42,2/18/2020,fluorescein,groundwater,ND,ND
7,EMW-07,3,42,2/18/2020,fluorescein,groundwater,-,-
8,EMW-11,3,42,2/18/2020,fluorescein,groundwater,-,-
9,EMW-12,3,42,2/18/2020,fluorescein,groundwater,-,-
22,EMW-13,3,42,2/18/2020,fluorescein,groundwater,ND,ND
10,EMW-18,4,42,2/18/2020,fluorescein,groundwater,*,*
11,EMW-19,4,42,2/18/2020,fluorescein,groundwater,*,*
12,EMW-21,4.5,42,2/18/2020,fluorescein,groundwater,*,*
13,EMW-01,5,42,2/18/2020,fluorescein,groundwater,*,*
14,EMW-02,5,42,2/18/2020,fluorescein,groundwater,*,*
23,RW-13,0,42,2/18/2020,RWT,groundwater,*,*
24,EMW-14,0,42,2/18/2020,RWT,groundwater,*,*
25,RW-01,0,42,2/18/2020,RWT,groundwater,*,*
26,RW-03,0,42,2/18/2020,RWT,groundwater,*,*
1,RW-02,1,42,2/18/2020,RWT,groundwater,-,-
2,VE-02,1,42,2/18/2020,RWT,groundwater,-,-
18,RW-12,1,42,2/18/2020,RWT,groundwater,-,-
19,RW-10,1,42,2/18/2020,RWT,groundwater,-,-
3,RW-04,2,42,2/18/2020,RWT,groundwater,574.2,15.5
4,RW-06,2,42,2/18/2020,RWT,groundwater,-,-
5,RW-07,2,42,2/18/2020,RWT,groundwater,-,-
6,RW-08,2,42,2/18/2020,RWT,groundwater,-,-
20,RW-05,2,42,2/18/2020,RWT,groundwater,*,*
21,EMW-20,2,42,2/18/2020,RWT,groundwater,*,*
7,EMW-07,3,42,2/18/2020,RWT,groundwater,-,-
8,EMW-11,3,42,2/18/2020,RWT,groundwater,-,-
9,EMW-12,3,42,2/18/2020,RWT,groundwater,-,-
22,EMW-13,3,42,2/18/2020,RWT,groundwater,-,-
10,EMW-18,4,42,2/18/2020,RWT,groundwater,-,-
11,EMW-19,4,42,2/18/2020,RWT,groundwater,-,-
12,EMW-21,4.5,42,2/18/2020,RWT,groundwater,ND,ND
13,EMW-01,5,42,2/18/2020,RWT,groundwater,-,-
14,EMW-02,5,42,2/18/2020,RWT,groundwater,-,-
23,RW-13,0,42,2/18/2020,fluorescein,carbon,*,*
24,EMW-14,0,42,2/18/2020,fluorescein,carbon,*,*
25,RW-01,0,42,2/18/2020,fluorescein,carbon,*,*
26,RW-03,0,42,2/18/2020,fluorescein,carbon,*,*
1,RW-02,1,42,2/18/2020,fluorescein,carbon,ND,ND
2,VE-02,1,42,2/18/2020,fluorescein,carbon,ND,ND
18,RW-12,1,42,2/18/2020,fluorescein,carbon,ND,ND
19,RW-10,1,42,2/18/2020,fluorescein,carbon,ND,ND
3,RW-04,2,42,2/18/2020,fluorescein,carbon,ND,ND
4,RW-06,2,42,2/18/2020,fluorescein,carbon,ND,ND
5,RW-07,2,42,2/18/2020,fluorescein,carbon,ND,ND
6,RW-08,2,42,2/18/2020,fluorescein,carbon,ND,ND
20,RW-05,2,42,2/18/2020,fluorescein,carbon,*,*
21,EMW-20,2,42,2/18/2020,fluorescein,carbon,*,*
7,EMW-07,3,42,2/18/2020,fluorescein,carbon,ND,ND
8,EMW-11,3,42,2/18/2020,fluorescein,carbon,ND,ND
9,EMW-12,3,42,2/18/2020,fluorescein,carbon,ND,ND
22,EMW-13,3,42,2/18/2020,fluorescein,carbon,ND,ND
10,EMW-18,4,42,2/18/2020,fluorescein,carbon,ND,ND
11,EMW-19,4,42,2/18/2020,fluorescein,carbon,ND,ND
12,EMW-21,4.5,42,2/18/2020,fluorescein,carbon,ND,ND
13,EMW-01,5,42,2/18/2020,fluorescein,carbon,ND,ND
14,EMW-02,5,42,2/18/2020,fluorescein,carbon,ND,ND
23,RW-13,0,42,2/18/2020,RWT,carbon,*,*
24,EMW-14,0,42,2/18/2020,RWT,carbon,*,*
25,RW-01,0,42,2/18/2020,RWT,carbon,*,*
26,RW-03,0,42,2/18/2020,RWT,carbon,*,*
1,RW-02,1,42,2/18/2020,RWT,carbon,ND,ND
2,VE-02,1,42,2/18/2020,RWT,carbon,ND,ND
18,RW-12,1,42,2/18/2020,RWT,carbon,ND,ND
19,RW-10,1,42,2/18/2020,RWT,carbon,ND,ND
3,RW-04,2,42,2/18/2020,RWT,carbon,568.0,32.7
4,RW-06,2,42,2/18/2020,RWT,carbon,ND,ND
5,RW-07,2,42,2/18/2020,RWT,carbon,ND,ND
6,RW-08,2,42,2/18/2020,RWT,carbon,ND,ND
20,RW-05,2,42,2/18/2020,RWT,carbon,*,*
21,EMW-20,2,42,2/18/2020,RWT,carbon,*,*
7,EMW-07,3,42,2/18/2020,RWT,carbon,ND,ND
8,EMW-11,3,42,2/18/2020,RWT,carbon,ND,ND
9,EMW-12,3,42,2/18/2020,RWT,carbon,ND,ND
22,EMW-13,3,42,2/18/2020,RWT,carbon,ND,ND
10,EMW-18,4,42,2/18/2020,RWT,carbon,-,-
11,EMW-19,4,42,2/18/2020,RWT,carbon,-,-
12,EMW-21,4.5,42,2/18/2020,RWT,carbon,ND,ND
13,EMW-01,5,42,2/18/2020,RWT,carbon,-,-
14,EMW-02,5,42,2/18/2020,RWT,carbon,-,-
23,RW-13,0,49,2/24/2020,fluorescein,groundwater,*,*
24,EMW-14,0,49,2/24/2020,fluorescein,groundwater,*,*
25,RW-01,0,49,2/24/2020,fluorescein,groundwater,*,*
26,RW-03,0,49,2/24/2020,fluorescein,groundwater,*,*
1,RW-02,1,49,2/24/2020,fluorescein,groundwater,-,-
2,VE-02,1,49,2/24/2020,fluorescein,groundwater,-,-
18,RW-12,1,49,2/24/2020,fluorescein,groundwater,-,-
19,RW-10,1,49,2/24/2020,fluorescein,groundwater,-,-
3,RW-04,2,49,2/24/2020,fluorescein,groundwater,ND,ND
4,RW-06,2,49,2/24/2020,fluorescein,groundwater,-,-
5,RW-07,2,49,2/24/2020,fluorescein,groundwater,-,-
6,RW-08,2,49,2/24/2020,fluorescein,groundwater,-,-
20,RW-05,2,49,2/24/2020,fluorescein,groundwater,-,-
21,EMW-20,2,49,2/24/2020,fluorescein,groundwater,-,-
7,EMW-07,3,49,2/24/2020,fluorescein,groundwater,ND,ND
8,EMW-11,3,49,2/24/2020,fluorescein,groundwater,508.2,0.417
9,EMW-12,3,49,2/24/2020,fluorescein,groundwater,-,-
22,EMW-13,3,49,2/24/2020,fluorescein,groundwater,-,-
10,EMW-18,4,49,2/24/2020,fluorescein,groundwater,*,*
11,EMW-19,4,49,2/24/2020,fluorescein,groundwater,*,*
12,EMW-21,4.5,49,2/24/2020,fluorescein,groundwater,*,*
13,EMW-01,5,49,2/24/2020,fluorescein,groundwater,*,*
14,EMW-02,5,49,2/24/2020,fluorescein,groundwater,*,*
23,RW-13,0,49,2/24/2020,RWT,groundwater,*,*
24,EMW-14,0,49,2/24/2020,RWT,groundwater,*,*
25,RW-01,0,49,2/24/2020,RWT,groundwater,*,*
26,RW-03,0,49,2/24/2020,RWT,groundwater,*,*
1,RW-02,1,49,2/24/2020,RWT,groundwater,-,-
2,VE-02,1,49,2/24/2020,RWT,groundwater,-,-
18,RW-12,1,49,2/24/2020,RWT,groundwater,-,-
19,RW-10,1,49,2/24/2020,RWT,groundwater,-,-
3,RW-04,2,49,2/24/2020,RWT,groundwater,573.8,7.61
4,RW-06,2,49,2/24/2020,RWT,groundwater,-,-
5,RW-07,2,49,2/24/2020,RWT,groundwater,-,-
6,RW-08,2,49,2/24/2020,RWT,groundwater,-,-
20,RW-05,2,49,2/24/2020,RWT,groundwater,-,-
21,EMW-20,2,49,2/24/2020,RWT,groundwater,-,-
7,EMW-07,3,49,2/24/2020,RWT,groundwater,ND,ND
8,EMW-11,3,49,2/24/2020,RWT,groundwater,ND,ND
9,EMW-12,3,49,2/24/2020,RWT,groundwater,-,-
22,EMW-13,3,49,2/24/2020,RWT,groundwater,-,-
10,EMW-18,4,49,2/24/2020,RWT,groundwater,*,*
11,EMW-19,4,49,2/24/2020,RWT,groundwater,*,*
12,EMW-21,4.5,49,2/24/2020,RWT,groundwater,*,*
13,EMW-01,5,49,2/24/2020,RWT,groundwater,*,*
14,EMW-02,5,49,2/24/2020,RWT,groundwater,*,*
23,RW-13,0,49,2/24/2020,fluorescein,carbon,*,*
24,EMW-14,0,49,2/24/2020,fluorescein,carbon,*,*
25,RW-01,0,49,2/24/2020,fluorescein,carbon,*,*
26,RW-03,0,49,2/24/2020,fluorescein,carbon,*,*
1,RW-02,1,49,2/24/2020,fluorescein,carbon,ND,ND
2,VE-02,1,49,2/24/2020,fluorescein,carbon,ND,ND
18,RW-12,1,49,2/24/2020,fluorescein,carbon,ND,ND
19,RW-10,1,49,2/24/2020,fluorescein,carbon,ND,ND
3,RW-04,2,49,2/24/2020,fluorescein,carbon,ND,ND
4,RW-06,2,49,2/24/2020,fluorescein,carbon,ND,ND
5,RW-07,2,49,2/24/2020,fluorescein,carbon,ND,ND
6,RW-08,2,49,2/24/2020,fluorescein,carbon,ND,ND
20,RW-05,2,49,2/24/2020,fluorescein,carbon,ND,ND
21,EMW-20,2,49,2/24/2020,fluorescein,carbon,ND,ND
7,EMW-07,3,49,2/24/2020,fluorescein,carbon,515.2,2.17
8,EMW-11,3,49,2/24/2020,fluorescein,carbon,515.4,9.31
9,EMW-12,3,49,2/24/2020,fluorescein,carbon,ND,ND
22,EMW-13,3,49,2/24/2020,fluorescein,carbon,ND,ND
10,EMW-18,4,49,2/24/2020,fluorescein,carbon,*,*
11,EMW-19,4,49,2/24/2020,fluorescein,carbon,*,*
12,EMW-21,4.5,49,2/24/2020,fluorescein,carbon,*,*
13,EMW-01,5,49,2/24/2020,fluorescein,carbon,*,*
14,EMW-02,5,49,2/24/2020,fluorescein,carbon,*,*
23,RW-13,0,49,2/24/2020,RWT,carbon,*,*
24,EMW-14,0,49,2/24/2020,RWT,carbon,*,*
25,RW-01,0,49,2/24/2020,RWT,carbon,*,*
26,RW-03,0,49,2/24/2020,RWT,carbon,*,*
1,RW-02,1,49,2/24/2020,RWT,carbon,ND,ND
2,VE-02,1,49,2/24/2020,RWT,carbon,ND,ND
18,RW-12,1,49,2/24/2020,RWT,carbon,ND,ND
19,RW-10,1,49,2/24/2020,RWT,carbon,ND,ND
3,RW-04,2,49,2/24/2020,RWT,carbon,568.1,22.8
4,RW-06,2,49,2/24/2020,RWT,carbon,ND,ND
5,RW-07,2,49,2/24/2020,RWT,carbon,ND,ND
6,RW-08,2,49,2/24/2020,RWT,carbon,ND,ND
20,RW-05,2,49,2/24/2020,RWT,carbon,ND,ND
21,EMW-20,2,49,2/24/2020,RWT,carbon,ND,ND
7,EMW-07,3,49,2/24/2020,RWT,carbon,ND,ND
8,EMW-11,3,49,2/24/2020,RWT,carbon,ND,ND
9,EMW-12,3,49,2/24/2020,RWT,carbon,ND,ND
22,EMW-13,3,49,2/24/2020,RWT,carbon,ND,ND
10,EMW-18,4,49,2/24/2020,RWT,carbon,*,*
11,EMW-19,4,49,2/24/2020,RWT,carbon,*,*
12,EMW-21,4.5,49,2/24/2020,RWT,carbon,*,*
13,EMW-01,5,49,2/24/2020,RWT,carbon,*,*
14,EMW-02,5,49,2/24/2020,RWT,carbon,*,*
23,RW-13,0,56,3/2/2020,fluorescein,groundwater,*,*
24,EMW-14,0,56,3/2/2020,fluorescein,groundwater,*,*
25,RW-01,0,56,3/2/2020,fluorescein,groundwater,*,*
26,RW-03,0,56,3/2/2020,fluorescein,groundwater,*,*
1,RW-02,1,56,3/2/2020,fluorescein,groundwater,-,-
2,VE-02,1,56,3/2/2020,fluorescein,groundwater,-,-
18,RW-12,1,56,3/2/2020,fluorescein,groundwater,-,-
19,RW-10,1,56,3/2/2020,fluorescein,groundwater,-,-
3,RW-04,2,56,3/2/2020,fluorescein,groundwater,ND,ND
4,RW-06,2,56,3/2/2020,fluorescein,groundwater,-,-
5,RW-07,2,56,3/2/2020,fluorescein,groundwater,-,-
6,RW-08,2,56,3/2/2020,fluorescein,groundwater,-,-
20,RW-05,2,56,3/2/2020,fluorescein,groundwater,-,-
21,EMW-20,2,56,3/2/2020,fluorescein,groundwater,-,-
7,EMW-07,3,56,3/2/2020,fluorescein,groundwater,507.2,0.052
8,EMW-11,3,56,3/2/2020,fluorescein,groundwater,507.8,0.147
9,EMW-12,3,56,3/2/2020,fluorescein,groundwater,-,-
22,EMW-13,3,56,3/2/2020,fluorescein,groundwater,-,-
10,EMW-18,4,56,3/2/2020,fluorescein,groundwater,ND,ND
11,EMW-19,4,56,3/2/2020,fluorescein,groundwater,ND,ND
12,EMW-21,4.5,56,3/2/2020,fluorescein,groundwater,*,*
13,EMW-01,5,56,3/2/2020,fluorescein,groundwater,*,*
14,EMW-02,5,56,3/2/2020,fluorescein,groundwater,*,*
23,RW-13,0,56,3/2/2020,RWT,groundwater,*,*
24,EMW-14,0,56,3/2/2020,RWT,groundwater,*,*
25,RW-01,0,56,3/2/2020,RWT,groundwater,*,*
26,RW-03,0,56,3/2/2020,RWT,groundwater,*,*
1,RW-02,1,56,3/2/2020,RWT,groundwater,-,-
2,VE-02,1,56,3/2/2020,RWT,groundwater,-,-
18,RW-12,1,56,3/2/2020,RWT,groundwater,-,-
19,RW-10,1,56,3/2/2020,RWT,groundwater,-,-
3,RW-04,2,56,3/2/2020,RWT,groundwater,573.5,2.92
4,RW-06,2,56,3/2/2020,RWT,groundwater,-,-
5,RW-07,2,56,3/2/2020,RWT,groundwater,-,-
6,RW-08,2,56,3/2/2020,RWT,groundwater,-,-
20,RW-05,2,56,3/2/2020,RWT,groundwater,-,-
21,EMW-20,2,56,3/2/2020,RWT,groundwater,-,-
7,EMW-07,3,56,3/2/2020,RWT,groundwater,ND,ND
8,EMW-11,3,56,3/2/2020,RWT,groundwater,ND,ND
9,EMW-12,3,56,3/2/2020,RWT,groundwater,-,-
22,EMW-13,3,56,3/2/2020,RWT,groundwater,-,-
10,EMW-18,4,56,3/2/2020,RWT,groundwater,ND,ND
11,EMW-19,4,56,3/2/2020,RWT,groundwater,ND,ND
12,EMW-21,4.5,56,3/2/2020,RWT,groundwater,*,*
13,EMW-01,5,56,3/2/2020,RWT,groundwater,*,*
14,EMW-02,5,56,3/2/2020,RWT,groundwater,*,*
23,RW-13,0,56,3/2/2020,fluorescein,carbon,*,*
24,EMW-14,0,56,3/2/2020,fluorescein,carbon,*,*
25,RW-01,0,56,3/2/2020,fluorescein,carbon,*,*
26,RW-03,0,56,3/2/2020,fluorescein,carbon,*,*
1,RW-02,1,56,3/2/2020,fluorescein,carbon,ND,ND
2,VE-02,1,56,3/2/2020,fluorescein,carbon,ND,ND
18,RW-12,1,56,3/2/2020,fluorescein,carbon,518.2,0.290
19,RW-10,1,56,3/2/2020,fluorescein,carbon,ND,ND
3,RW-04,2,56,3/2/2020,fluorescein,carbon,ND,ND
4,RW-06,2,56,3/2/2020,fluorescein,carbon,ND,ND
5,RW-07,2,56,3/2/2020,fluorescein,carbon,ND,ND
6,RW-08,2,56,3/2/2020,fluorescein,carbon,ND,ND
20,RW-05,2,56,3/2/2020,fluorescein,carbon,ND,ND
21,EMW-20,2,56,3/2/2020,fluorescein,carbon,ND,ND
7,EMW-07,3,56,3/2/2020,fluorescein,carbon,514.4,1.35
8,EMW-11,3,56,3/2/2020,fluorescein,carbon,515.4,4.70
9,EMW-12,3,56,3/2/2020,fluorescein,carbon,ND,ND
22,EMW-13,3,56,3/2/2020,fluorescein,carbon,ND,ND
10,EMW-18,4,56,3/2/2020,fluorescein,carbon,518,0.336
11,EMW-19,4,56,3/2/2020,fluorescein,carbon,513.8,0.388
12,EMW-21,4.5,56,3/2/2020,fluorescein,carbon,ND,ND
13,EMW-01,5,56,3/2/2020,fluorescein,carbon,ND,ND
14,EMW-02,5,56,3/2/2020,fluorescein,carbon,ND,ND
23,RW-13,0,56,3/2/2020,RWT,carbon,*,*
24,EMW-14,0,56,3/2/2020,RWT,carbon,*,*
25,RW-01,0,56,3/2/2020,RWT,carbon,*,*
26,RW-03,0,56,3/2/2020,RWT,carbon,*,*
1,RW-02,1,56,3/2/2020,RWT,carbon,ND,ND
2,VE-02,1,56,3/2/2020,RWT,carbon,ND,ND
18,RW-12,1,56,3/2/2020,RWT,carbon,ND,ND
19,RW-10,1,56,3/2/2020,RWT,carbon,ND,ND
3,RW-04,2,56,3/2/2020,RWT,carbon,567.6,30.5
4,RW-06,2,56,3/2/2020,RWT,carbon,ND,ND
5,RW-07,2,56,3/2/2020,RWT,carbon,ND,ND
6,RW-08,2,56,3/2/2020,RWT,carbon,ND,ND
20,RW-05,2,56,3/2/2020,RWT,carbon,ND,ND
21,EMW-20,2,56,3/2/2020,RWT,carbon,ND,ND
7,EMW-07,3,56,3/2/2020,RWT,carbon,ND,ND
8,EMW-11,3,56,3/2/2020,RWT,carbon,ND,ND
9,EMW-12,3,56,3/2/2020,RWT,carbon,ND,ND
22,EMW-13,3,56,3/2/2020,RWT,carbon,ND,ND
10,EMW-18,4,56,3/2/2020,RWT,carbon,569.4,2.48
11,EMW-19,4,56,3/2/2020,RWT,carbon,ND,ND
12,EMW-21,4.5,56,3/2/2020,RWT,carbon,ND,ND
13,EMW-01,5,56,3/2/2020,RWT,carbon,ND,ND
14,EMW-02,5,56,3/2/2020,RWT,carbon,ND,ND
23,RW-13,0,63,3/9/2020,fluorescein,groundwater,ND,ND
24,EMW-14,0,63,3/9/2020,fluorescein,groundwater,ND,ND
25,RW-01,0,63,3/9/2020,fluorescein,groundwater,ND,ND
26,RW-03,0,63,3/9/2020,fluorescein,groundwater,*,*
1,RW-02,1,63,3/9/2020,fluorescein,groundwater,-,-
2,VE-02,1,63,3/9/2020,fluorescein,groundwater,ND,ND
18,RW-12,1,63,3/9/2020,fluorescein,groundwater,ND,ND
19,RW-10,1,63,3/9/2020,fluorescein,groundwater,-,-
3,RW-04,2,63,3/9/2020,fluorescein,groundwater,ND,ND
4,RW-06,2,63,3/9/2020,fluorescein,groundwater,-,-
5,RW-07,2,63,3/9/2020,fluorescein,groundwater,-,-
6,RW-08,2,63,3/9/2020,fluorescein,groundwater,-,-
20,RW-05,2,63,3/9/2020,fluorescein,groundwater,-,-
21,EMW-20,2,63,3/9/2020,fluorescein,groundwater,-,-
7,EMW-07,3,63,3/9/2020,fluorescein,groundwater,ND,ND
8,EMW-11,3,63,3/9/2020,fluorescein,groundwater,507.8,0.170
9,EMW-12,3,63,3/9/2020,fluorescein,groundwater,-,-
22,EMW-13,3,63,3/9/2020,fluorescein,groundwater,-,-
10,EMW-18,4,63,3/9/2020,fluorescein,groundwater,*,*
11,EMW-19,4,63,3/9/2020,fluorescein,groundwater,*,*
12,EMW-21,4.5,63,3/9/2020,fluorescein,groundwater,*,*
13,EMW-01,5,63,3/9/2020,fluorescein,groundwater,*,*
14,EMW-02,5,63,3/9/2020,fluorescein,groundwater,*,*
23,RW-13,0,63,3/9/2020,RWT,groundwater,ND,ND
24,EMW-14,0,63,3/9/2020,RWT,groundwater,ND,ND
25,RW-01,0,63,3/9/2020,RWT,groundwater,ND,ND
26,RW-03,0,63,3/9/2020,RWT,groundwater,*,*
1,RW-02,1,63,3/9/2020,RWT,groundwater,-,-
2,VE-02,1,63,3/9/2020,RWT,groundwater,ND,ND
18,RW-12,1,63,3/9/2020,RWT,groundwater,ND,ND
19,RW-10,1,63,3/9/2020,RWT,groundwater,-,-
3,RW-04,2,63,3/9/2020,RWT,groundwater,573.6,6.59
4,RW-06,2,63,3/9/2020,RWT,groundwater,-,-
5,RW-07,2,63,3/9/2020,RWT,groundwater,-,-
6,RW-08,2,63,3/9/2020,RWT,groundwater,-,-
20,RW-05,2,63,3/9/2020,RWT,groundwater,-,-
21,EMW-20,2,63,3/9/2020,RWT,groundwater,-,-
7,EMW-07,3,63,3/9/2020,RWT,groundwater,ND,ND
8,EMW-11,3,63,3/9/2020,RWT,groundwater,ND,ND
9,EMW-12,3,63,3/9/2020,RWT,groundwater,-,-
22,EMW-13,3,63,3/9/2020,RWT,groundwater,-,-
10,EMW-18,4,63,3/9/2020,RWT,groundwater,*,*
11,EMW-19,4,63,3/9/2020,RWT,groundwater,*,*
12,EMW-21,4.5,63,3/9/2020,RWT,groundwater,*,*
13,EMW-01,5,63,3/9/2020,RWT,groundwater,*,*
14,EMW-02,5,63,3/9/2020,RWT,groundwater,*,*
23,RW-13,0,63,3/9/2020,fluorescein,carbon,ND,ND
24,EMW-14,0,63,3/9/2020,fluorescein,carbon,511.4,0.218
25,RW-01,0,63,3/9/2020,fluorescein,carbon,ND,ND
26,RW-03,0,63,3/9/2020,fluorescein,carbon,*,*
1,RW-02,1,63,3/9/2020,fluorescein,carbon,ND,ND
2,VE-02,1,63,3/9/2020,fluorescein,carbon,ND,ND
18,RW-12,1,63,3/9/2020,fluorescein,carbon,519.1,1.56
19,RW-10,1,63,3/9/2020,fluorescein,carbon,ND,ND
3,RW-04,2,63,3/9/2020,fluorescein,carbon,ND,ND
4,RW-06,2,63,3/9/2020,fluorescein,carbon,ND,ND
5,RW-07,2,63,3/9/2020,fluorescein,carbon,ND,ND
6,RW-08,2,63,3/9/2020,fluorescein,carbon,ND,ND
20,RW-05,2,63,3/9/2020,fluorescein,carbon,ND,ND
21,EMW-20,2,63,3/9/2020,fluorescein,carbon,ND,ND
7,EMW-07,3,63,3/9/2020,fluorescein,carbon,514.7,1.06
8,EMW-11,3,63,3/9/2020,fluorescein,carbon,515.4,1.06
9,EMW-12,3,63,3/9/2020,fluorescein,carbon,ND,ND
22,EMW-13,3,63,3/9/2020,fluorescein,carbon,ND,ND
10,EMW-18,4,63,3/9/2020,fluorescein,carbon,*,*
11,EMW-19,4,63,3/9/2020,fluorescein,carbon,*,*
12,EMW-21,4.5,63,3/9/2020,fluorescein,carbon,*,*
13,EMW-01,5,63,3/9/2020,fluorescein,carbon,*,*
14,EMW-02,5,63,3/9/2020,fluorescein,carbon,*,*
23,RW-13,0,63,3/9/2020,RWT,carbon,ND,ND
24,EMW-14,0,63,3/9/2020,RWT,carbon,ND,ND
25,RW-01,0,63,3/9/2020,RWT,carbon,ND,ND
26,RW-03,0,63,3/9/2020,RWT,carbon,*,*
1,RW-02,1,63,3/9/2020,RWT,carbon,ND,ND
2,VE-02,1,63,3/9/2020,RWT,carbon,568.0,2.65
18,RW-12,1,63,3/9/2020,RWT,carbon,ND,ND
19,RW-10,1,63,3/9/2020,RWT,carbon,ND,ND
3,RW-04,2,63,3/9/2020,RWT,carbon,568.4,40.7
4,RW-06,2,63,3/9/2020,RWT,carbon,ND,ND
5,RW-07,2,63,3/9/2020,RWT,carbon,ND,ND
6,RW-08,2,63,3/9/2020,RWT,carbon,ND,ND
20,RW-05,2,63,3/9/2020,RWT,carbon,ND,ND
21,EMW-20,2,63,3/9/2020,RWT,carbon,ND,ND
7,EMW-07,3,63,3/9/2020,RWT,carbon,ND,ND
8,EMW-11,3,63,3/9/2020,RWT,carbon,ND,ND
9,EMW-12,3,63,3/9/2020,RWT,carbon,ND,ND
22,EMW-13,3,63,3/9/2020,RWT,carbon,ND,ND
10,EMW-18,4,63,3/9/2020,RWT,carbon,*,*
11,EMW-19,4,63,3/9/2020,RWT,carbon,*,*
12,EMW-21,4.5,63,3/9/2020,RWT,carbon,*,*
13,EMW-01,5,63,3/9/2020,RWT,carbon,*,*
14,EMW-02,5,63,3/9/2020,RWT,carbon,*,*
23,RW-13,0,70,3/16/2020,fluorescein,groundwater,-,-
24,EMW-14,0,70,3/16/2020,fluorescein,groundwater,-,-
25,RW-01,0,70,3/16/2020,fluorescein,groundwater,-,-
26,RW-03,0,70,3/16/2020,fluorescein,groundwater,ND,ND
1,RW-02,1,70,3/16/2020,fluorescein,groundwater,-,-
2,VE-02,1,70,3/16/2020,fluorescein,groundwater,-,-
18,RW-12,1,70,3/16/2020,fluorescein,groundwater,513.2,0.256
19,RW-10,1,70,3/16/2020,fluorescein,groundwater,-,-
3,RW-04,2,70,3/16/2020,fluorescein,groundwater,ND,ND
4,RW-06,2,70,3/16/2020,fluorescein,groundwater,-,-
5,RW-07,2,70,3/16/2020,fluorescein,groundwater,-,-
6,RW-08,2,70,3/16/2020,fluorescein,groundwater,-,-
20,RW-05,2,70,3/16/2020,fluorescein,groundwater,-,-
21,EMW-20,2,70,3/16/2020,fluorescein,groundwater,-,-
7,EMW-07,3,70,3/16/2020,fluorescein,groundwater,ND,ND
8,EMW-11,3,70,3/16/2020,fluorescein,groundwater,ND,ND
9,EMW-12,3,70,3/16/2020,fluorescein,groundwater,-,-
22,EMW-13,3,70,3/16/2020,fluorescein,groundwater,-,-
10,EMW-18,4,70,3/16/2020,fluorescein,groundwater,ND,ND
11,EMW-19,4,70,3/16/2020,fluorescein,groundwater,-,-
12,EMW-21,4.5,70,3/16/2020,fluorescein,groundwater,-,-
13,EMW-01,5,70,3/16/2020,fluorescein,groundwater,-,-
14,EMW-02,5,70,3/16/2020,fluorescein,groundwater,-,-
23,RW-13,0,70,3/16/2020,RWT,groundwater,-,-
24,EMW-14,0,70,3/16/2020,RWT,groundwater,-,-
25,RW-01,0,70,3/16/2020,RWT,groundwater,-,-
26,RW-03,0,70,3/16/2020,RWT,groundwater,ND,ND
1,RW-02,1,70,3/16/2020,RWT,groundwater,-,-
2,VE-02,1,70,3/16/2020,RWT,groundwater,-,-
18,RW-12,1,70,3/16/2020,RWT,groundwater,ND,ND
19,RW-10,1,70,3/16/2020,RWT,groundwater,-,-
3,RW-04,2,70,3/16/2020,RWT,groundwater,ND,ND
4,RW-06,2,70,3/16/2020,RWT,groundwater,-,-
5,RW-07,2,70,3/16/2020,RWT,groundwater,-,-
6,RW-08,2,70,3/16/2020,RWT,groundwater,-,-
20,RW-05,2,70,3/16/2020,RWT,groundwater,-,-
21,EMW-20,2,70,3/16/2020,RWT,groundwater,-,-
7,EMW-07,3,70,3/16/2020,RWT,groundwater,ND,ND
8,EMW-11,3,70,3/16/2020,RWT,groundwater,ND,ND
9,EMW-12,3,70,3/16/2020,RWT,groundwater,-,-
22,EMW-13,3,70,3/16/2020,RWT,groundwater,-,-
10,EMW-18,4,70,3/16/2020,RWT,groundwater,ND,ND
11,EMW-19,4,70,3/16/2020,RWT,groundwater,-,-
12,EMW-21,4.5,70,3/16/2020,RWT,groundwater,-,-
13,EMW-01,5,70,3/16/2020,RWT,groundwater,-,-
14,EMW-02,5,70,3/16/2020,RWT,groundwater,-,-
23,RW-13,0,70,3/16/2020,fluorescein,carbon,ND,ND
24,EMW-14,0,70,3/16/2020,fluorescein,carbon,ND,ND
25,RW-01,0,70,3/16/2020,fluorescein,carbon,ND,ND
26,RW-03,0,70,3/16/2020,fluorescein,carbon,*,*
1,RW-02,1,70,3/16/2020,fluorescein,carbon,ND,ND
2,VE-02,1,70,3/16/2020,fluorescein,carbon,ND,ND
18,RW-12,1,70,3/16/2020,fluorescein,carbon,519.1,26.1
19,RW-10,1,70,3/16/2020,fluorescein,carbon,ND,ND
3,RW-04,2,70,3/16/2020,fluorescein,carbon,ND,ND
4,RW-06,2,70,3/16/2020,fluorescein,carbon,ND,ND
5,RW-07,2,70,3/16/2020,fluorescein,carbon,ND,ND
6,RW-08,2,70,3/16/2020,fluorescein,carbon,ND,ND
20,RW-05,2,70,3/16/2020,fluorescein,carbon,ND,ND
21,EMW-20,2,70,3/16/2020,fluorescein,carbon,ND,ND
7,EMW-07,3,70,3/16/2020,fluorescein,carbon,515.8,0.274
8,EMW-11,3,70,3/16/2020,fluorescein,carbon,516.1,3.78
9,EMW-12,3,70,3/16/2020,fluorescein,carbon,ND,ND
22,EMW-13,3,70,3/16/2020,fluorescein,carbon,ND,ND
10,EMW-18,4,70,3/16/2020,fluorescein,carbon,519.8,0.314
11,EMW-19,4,70,3/16/2020,fluorescein,carbon,ND,ND
12,EMW-21,4.5,70,3/16/2020,fluorescein,carbon,ND,ND
13,EMW-01,5,70,3/16/2020,fluorescein,carbon,ND,ND
14,EMW-02,5,70,3/16/2020,fluorescein,carbon,ND,ND
23,RW-13,0,70,3/16/2020,RWT,carbon,ND,ND
24,EMW-14,0,70,3/16/2020,RWT,carbon,ND,ND
25,RW-01,0,70,3/16/2020,RWT,carbon,ND,ND
26,RW-03,0,70,3/16/2020,RWT,carbon,*,*
1,RW-02,1,70,3/16/2020,RWT,carbon,ND,ND
2,VE-02,1,70,3/16/2020,RWT,carbon,ND,ND
18,RW-12,1,70,3/16/2020,RWT,carbon,ND,ND
19,RW-10,1,70,3/16/2020,RWT,carbon,ND,ND
3,RW-04,2,70,3/16/2020,RWT,carbon,567.6,35.4
4,RW-06,2,70,3/16/2020,RWT,carbon,ND,ND
5,RW-07,2,70,3/16/2020,RWT,carbon,ND,ND
6,RW-08,2,70,3/16/2020,RWT,carbon,ND,ND
20,RW-05,2,70,3/16/2020,RWT,carbon,ND,ND
21,EMW-20,2,70,3/16/2020,RWT,carbon,ND,ND
7,EMW-07,3,70,3/16/2020,RWT,carbon,ND,ND
8,EMW-11,3,70,3/16/2020,RWT,carbon,ND,ND
9,EMW-12,3,70,3/16/2020,RWT,carbon,ND,ND
22,EMW-13,3,70,3/16/2020,RWT,carbon,ND,ND
10,EMW-18,4,70,3/16/2020,RWT,carbon,568.2,0.945
11,EMW-19,4,70,3/16/2020,RWT,carbon,ND,ND
12,EMW-21,4.5,70,3/16/2020,RWT,carbon,ND,ND
13,EMW-01,5,70,3/16/2020,RWT,carbon,ND,ND
14,EMW-02,5,70,3/16/2020,RWT,carbon,ND,ND
23,RW-13,0,77,3/23/2020,fluorescein,groundwater,-,-
24,EMW-14,0,77,3/23/2020,fluorescein,groundwater,-,-
25,RW-01,0,77,3/23/2020,fluorescein,groundwater,*,*
26,RW-03,0,77,3/23/2020,fluorescein,groundwater,*,*
1,RW-02,1,77,3/23/2020,fluorescein,groundwater,*,*
2,VE-02,1,77,3/23/2020,fluorescein,groundwater,*,*
18,RW-12,1,77,3/23/2020,fluorescein,groundwater,*,*
19,RW-10,1,77,3/23/2020,fluorescein,groundwater,*,*
3,RW-04,2,77,3/23/2020,fluorescein,groundwater,*,*
4,RW-06,2,77,3/23/2020,fluorescein,groundwater,*,*
5,RW-07,2,77,3/23/2020,fluorescein,groundwater,*,*
6,RW-08,2,77,3/23/2020,fluorescein,groundwater,*,*
20,RW-05,2,77,3/23/2020,fluorescein,groundwater,*,*
21,EMW-20,2,77,3/23/2020,fluorescein,groundwater,ND,ND
7,EMW-07,3,77,3/23/2020,fluorescein,groundwater,-,-
8,EMW-11,3,77,3/23/2020,fluorescein,groundwater,ND,ND
9,EMW-12,3,77,3/23/2020,fluorescein,groundwater,-,-
22,EMW-13,3,77,3/23/2020,fluorescein,groundwater,-,-
10,EMW-18,4,77,3/23/2020,fluorescein,groundwater,*,*
11,EMW-19,4,77,3/23/2020,fluorescein,groundwater,*,*
12,EMW-21,4.5,77,3/23/2020,fluorescein,groundwater,*,*
13,EMW-01,5,77,3/23/2020,fluorescein,groundwater,*,*
14,EMW-02,5,77,3/23/2020,fluorescein,groundwater,*,*
23,RW-13,0,77,3/23/2020,RWT,groundwater,-,-
24,EMW-14,0,77,3/23/2020,RWT,groundwater,-,-
25,RW-01,0,77,3/23/2020,RWT,groundwater,*,*
26,RW-03,0,77,3/23/2020,RWT,groundwater,*,*
1,RW-02,1,77,3/23/2020,RWT,groundwater,*,*
2,VE-02,1,77,3/23/2020,RWT,groundwater,*,*
18,RW-12,1,77,3/23/2020,RWT,groundwater,*,*
19,RW-10,1,77,3/23/2020,RWT,groundwater,*,*
3,RW-04,2,77,3/23/2020,RWT,groundwater,*,*
4,RW-06,2,77,3/23/2020,RWT,groundwater,*,*
5,RW-07,2,77,3/23/2020,RWT,groundwater,*,*
6,RW-08,2,77,3/23/2020,RWT,groundwater,*,*
20,RW-05,2,77,3/23/2020,RWT,groundwater,*,*
21,EMW-20,2,77,3/23/2020,RWT,groundwater,ND,ND
7,EMW-07,3,77,3/23/2020,RWT,groundwater,-,-
8,EMW-11,3,77,3/23/2020,RWT,groundwater,ND,ND
9,EMW-12,3,77,3/23/2020,RWT,groundwater,-,-
22,EMW-13,3,77,3/23/2020,RWT,groundwater,-,-
10,EMW-18,4,77,3/23/2020,RWT,groundwater,*,*
11,EMW-19,4,77,3/23/2020,RWT,groundwater,*,*
12,EMW-21,4.5,77,3/23/2020,RWT,groundwater,*,*
13,EMW-01,5,77,3/23/2020,RWT,groundwater,*,*
14,EMW-02,5,77,3/23/2020,RWT,groundwater,*,*
23,RW-13,0,77,3/23/2020,fluorescein,carbon,ND,ND
24,EMW-14,0,77,3/23/2020,fluorescein,carbon,ND,ND
25,RW-01,0,77,3/23/2020,fluorescein,carbon,*,*
26,RW-03,0,77,3/23/2020,fluorescein,carbon,*,*
1,RW-02,1,77,3/23/2020,fluorescein,carbon,*,*
2,VE-02,1,77,3/23/2020,fluorescein,carbon,*,*
18,RW-12,1,77,3/23/2020,fluorescein,carbon,*,*
19,RW-10,1,77,3/23/2020,fluorescein,carbon,*,*
3,RW-04,2,77,3/23/2020,fluorescein,carbon,*,*
4,RW-06,2,77,3/23/2020,fluorescein,carbon,*,*
5,RW-07,2,77,3/23/2020,fluorescein,carbon,*,*
6,RW-08,2,77,3/23/2020,fluorescein,carbon,*,*
20,RW-05,2,77,3/23/2020,fluorescein,carbon,*,*
21,EMW-20,2,77,3/23/2020,fluorescein,carbon,*,*
7,EMW-07,3,77,3/23/2020,fluorescein,carbon,515.7,0.242
8,EMW-11,3,77,3/23/2020,fluorescein,carbon,516.1,2.10
9,EMW-12,3,77,3/23/2020,fluorescein,carbon,ND,ND
22,EMW-13,3,77,3/23/2020,fluorescein,carbon,ND,ND
10,EMW-18,4,77,3/23/2020,fluorescein,carbon,*,*
11,EMW-19,4,77,3/23/2020,fluorescein,carbon,*,*
12,EMW-21,4.5,77,3/23/2020,fluorescein,carbon,*,*
13,EMW-01,5,77,3/23/2020,fluorescein,carbon,*,*
14,EMW-02,5,77,3/23/2020,fluorescein,carbon,*,*
23,RW-13,0,77,3/23/2020,RWT,carbon,ND,ND
24,EMW-14,0,77,3/23/2020,RWT,carbon,ND,ND
25,RW-01,0,77,3/23/2020,RWT,carbon,*,*
26,RW-03,0,77,3/23/2020,RWT,carbon,*,*
1,RW-02,1,77,3/23/2020,RWT,carbon,*,*
2,VE-02,1,77,3/23/2020,RWT,carbon,*,*
18,RW-12,1,77,3/23/2020,RWT,carbon,*,*
19,RW-10,1,77,3/23/2020,RWT,carbon,*,*
3,RW-04,2,77,3/23/2020,RWT,carbon,*,*
4,RW-06,2,77,3/23/2020,RWT,carbon,*,*
5,RW-07,2,77,3/23/2020,RWT,carbon,*,*
6,RW-08,2,77,3/23/2020,RWT,carbon,*,*
20,RW-05,2,77,3/23/2020,RWT,carbon,*,*
21,EMW-20,2,77,3/23/2020,RWT,carbon,*,*
7,EMW-07,3,77,3/23/2020,RWT,carbon,ND,ND
8,EMW-11,3,77,3/23/2020,RWT,carbon,ND,ND
9,EMW-12,3,77,3/23/2020,RWT,carbon,ND,ND
22,EMW-13,3,77,3/23/2020,RWT,carbon,ND,ND
10,EMW-18,4,77,3/23/2020,RWT,carbon,*,*
11,EMW-19,4,77,3/23/2020,RWT,carbon,*,*
12,EMW-21,4.5,77,3/23/2020,RWT,carbon,*,*
13,EMW-01,5,77,3/23/2020,RWT,carbon,*,*
14,EMW-02,5,77,3/23/2020,RWT,carbon,*,*
23,RW-13,0,84,3/30/2020,fluorescein,groundwater,-,-
24,EMW-14,0,84,3/30/2020,fluorescein,groundwater,-,-
25,RW-01,0,84,3/30/2020,fluorescein,groundwater,*,*
26,RW-03,0,84,3/30/2020,fluorescein,groundwater,*,*
1,RW-02,1,84,3/30/2020,fluorescein,groundwater,-,-
2,VE-02,1,84,3/30/2020,fluorescein,groundwater,-,-
18,RW-12,1,84,3/30/2020,fluorescein,groundwater,508.7,4.48
19,RW-10,1,84,3/30/2020,fluorescein,groundwater,-,-
3,RW-04,2,84,3/30/2020,fluorescein,groundwater,ND,ND
4,RW-06,2,84,3/30/2020,fluorescein,groundwater,-,-
5,RW-07,2,84,3/30/2020,fluorescein,groundwater,-,-
6,RW-08,2,84,3/30/2020,fluorescein,groundwater,-,-
20,RW-05,2,84,3/30/2020,fluorescein,groundwater,-,-
21,EMW-20,2,84,3/30/2020,fluorescein,groundwater,-,-
7,EMW-07,3,84,3/30/2020,fluorescein,groundwater,-,-
8,EMW-11,3,84,3/30/2020,fluorescein,groundwater,ND,ND
9,EMW-12,3,84,3/30/2020,fluorescein,groundwater,-,-
22,EMW-13,3,84,3/30/2020,fluorescein,groundwater,-,-
10,EMW-18,4,84,3/30/2020,fluorescein,groundwater,-,-
11,EMW-19,4,84,3/30/2020,fluorescein,groundwater,-,-
12,EMW-21,4.5,84,3/30/2020,fluorescein,groundwater,-,-
13,EMW-01,5,84,3/30/2020,fluorescein,groundwater,-,-
14,EMW-02,5,84,3/30/2020,fluorescein,groundwater,-,-
23,RW-13,0,84,3/30/2020,RWT,groundwater,-,-
24,EMW-14,0,84,3/30/2020,RWT,groundwater,-,-
25,RW-01,0,84,3/30/2020,RWT,groundwater,*,*
26,RW-03,0,84,3/30/2020,RWT,groundwater,*,*
1,RW-02,1,84,3/30/2020,RWT,groundwater,-,-
2,VE-02,1,84,3/30/2020,RWT,groundwater,-,-
18,RW-12,1,84,3/30/2020,RWT,groundwater,ND,ND
19,RW-10,1,84,3/30/2020,RWT,groundwater,-,-
3,RW-04,2,84,3/30/2020,RWT,groundwater,ND,ND
4,RW-06,2,84,3/30/2020,RWT,groundwater,-,-
5,RW-07,2,84,3/30/2020,RWT,groundwater,-,-
6,RW-08,2,84,3/30/2020,RWT,groundwater,-,-
20,RW-05,2,84,3/30/2020,RWT,groundwater,-,-
21,EMW-20,2,84,3/30/2020,RWT,groundwater,-,-
7,EMW-07,3,84,3/30/2020,RWT,groundwater,-,-
8,EMW-11,3,84,3/30/2020,RWT,groundwater,ND,ND
9,EMW-12,3,84,3/30/2020,RWT,groundwater,-,-
22,EMW-13,3,84,3/30/2020,RWT,groundwater,-,-
10,EMW-18,4,84,3/30/2020,RWT,groundwater,-,-
11,EMW-19,4,84,3/30/2020,RWT,groundwater,-,-
12,EMW-21,4.5,84,3/30/2020,RWT,groundwater,-,-
13,EMW-01,5,84,3/30/2020,RWT,groundwater,-,-
14,EMW-02,5,84,3/30/2020,RWT,groundwater,-,-
23,RW-13,0,84,3/30/2020,fluorescein,carbon,ND,ND
24,EMW-14,0,84,3/30/2020,fluorescein,carbon,ND,ND
25,RW-01,0,84,3/30/2020,fluorescein,carbon,*,*
26,RW-03,0,84,3/30/2020,fluorescein,carbon,*,*
1,RW-02,1,84,3/30/2020,fluorescein,carbon,ND,ND
2,VE-02,1,84,3/30/2020,fluorescein,carbon,ND,ND
18,RW-12,1,84,3/30/2020,fluorescein,carbon,518.8,1.78
19,RW-10,1,84,3/30/2020,fluorescein,carbon,ND,ND
3,RW-04,2,84,3/30/2020,fluorescein,carbon,ND,ND
4,RW-06,2,84,3/30/2020,fluorescein,carbon,ND,ND
5,RW-07,2,84,3/30/2020,fluorescein,carbon,ND,ND
6,RW-08,2,84,3/30/2020,fluorescein,carbon,ND,ND
20,RW-05,2,84,3/30/2020,fluorescein,carbon,ND,ND
21,EMW-20,2,84,3/30/2020,fluorescein,carbon,ND,ND
7,EMW-07,3,84,3/30/2020,fluorescein,carbon,ND,ND
8,EMW-11,3,84,3/30/2020,fluorescein,carbon,517.1,1.24
9,EMW-12,3,84,3/30/2020,fluorescein,carbon,ND,ND
22,EMW-13,3,84,3/30/2020,fluorescein,carbon,ND,ND
10,EMW-18,4,84,3/30/2020,fluorescein,carbon,ND,ND
11,EMW-19,4,84,3/30/2020,fluorescein,carbon,ND,ND
12,EMW-21,4.5,84,3/30/2020,fluorescein,carbon,ND,ND
13,EMW-01,5,84,3/30/2020,fluorescein,carbon,ND,ND
14,EMW-02,5,84,3/30/2020,fluorescein,carbon,ND,ND
23,RW-13,0,84,3/30/2020,RWT,carbon,ND,ND
24,EMW-14,0,84,3/30/2020,RWT,carbon,ND,ND
25,RW-01,0,84,3/30/2020,RWT,carbon,*,*
26,RW-03,0,84,3/30/2020,RWT,carbon,*,*
1,RW-02,1,84,3/30/2020,RWT,carbon,ND,ND
2,VE-02,1,84,3/30/2020,RWT,carbon,ND,ND
18,RW-12,1,84,3/30/2020,RWT,carbon,ND,ND
19,RW-10,1,84,3/30/2020,RWT,carbon,ND,ND
3,RW-04,2,84,3/30/2020,RWT,carbon,567.3,89.7
4,RW-06,2,84,3/30/2020,RWT,carbon,ND,ND
5,RW-07,2,84,3/30/2020,RWT,carbon,ND,ND
6,RW-08,2,84,3/30/2020,RWT,carbon,ND,ND
20,RW-05,2,84,3/30/2020,RWT,carbon,ND,ND
21,EMW-20,2,84,3/30/2020,RWT,carbon,ND,ND
7,EMW-07,3,84,3/30/2020,RWT,carbon,ND,ND
8,EMW-11,3,84,3/30/2020,RWT,carbon,ND,ND
9,EMW-12,3,84,3/30/2020,RWT,carbon,ND,ND
22,EMW-13,3,84,3/30/2020,RWT,carbon,ND,ND
10,EMW-18,4,84,3/30/2020,RWT,carbon,ND,ND
11,EMW-19,4,84,3/30/2020,RWT,carbon,ND,ND
12,EMW-21,4.5,84,3/30/2020,RWT,carbon,ND,ND
13,EMW-01,5,84,3/30/2020,RWT,carbon,ND,ND
14,EMW-02,5,84,3/30/2020,RWT,carbon,ND,ND
23,RW-13,0,91,4/6/2020,fluorescein,groundwater,-,-
24,EMW-14,0,91,4/6/2020,fluorescein,groundwater,-,-
25,RW-01,0,91,4/6/2020,fluorescein,groundwater,*,*
26,RW-03,0,91,4/6/2020,fluorescein,groundwater,*,*
1,RW-02,1,91,4/6/2020,fluorescein,groundwater,-,-
2,VE-02,1,91,4/6/2020,fluorescein,groundwater,-,-
18,RW-12,1,91,4/6/2020,fluorescein,groundwater,508.7,4.48
19,RW-10,1,91,4/6/2020,fluorescein,groundwater,-,-
3,RW-04,2,91,4/6/2020,fluorescein,groundwater,ND,ND
4,RW-06,2,91,4/6/2020,fluorescein,groundwater,-,-
5,RW-07,2,91,4/6/2020,fluorescein,groundwater,-,-
6,RW-08,2,91,4/6/2020,fluorescein,groundwater,-,-
20,RW-05,2,91,4/6/2020,fluorescein,groundwater,-,-
21,EMW-20,2,91,4/6/2020,fluorescein,groundwater,-,-
7,EMW-07,3,91,4/6/2020,fluorescein,groundwater,-,-
8,EMW-11,3,91,4/6/2020,fluorescein,groundwater,ND,ND
9,EMW-12,3,91,4/6/2020,fluorescein,groundwater,-,-
22,EMW-13,3,91,4/6/2020,fluorescein,groundwater,-,-
10,EMW-18,4,91,4/6/2020,fluorescein,groundwater,-,-
11,EMW-19,4,91,4/6/2020,fluorescein,groundwater,-,-
12,EMW-21,4.5,91,4/6/2020,fluorescein,groundwater,-,-
13,EMW-01,5,91,4/6/2020,fluorescein,groundwater,-,-
14,EMW-02,5,91,4/6/2020,fluorescein,groundwater,-,-
23,RW-13,0,91,4/6/2020,RWT,groundwater,-,-
24,EMW-14,0,91,4/6/2020,RWT,groundwater,-,-
25,RW-01,0,91,4/6/2020,RWT,groundwater,*,*
26,RW-03,0,91,4/6/2020,RWT,groundwater,*,*
1,RW-02,1,91,4/6/2020,RWT,groundwater,-,-
2,VE-02,1,91,4/6/2020,RWT,groundwater,-,-
18,RW-12,1,91,4/6/2020,RWT,groundwater,ND,ND
19,RW-10,1,91,4/6/2020,RWT,groundwater,-,-
3,RW-04,2,91,4/6/2020,RWT,groundwater,ND,ND
4,RW-06,2,91,4/6/2020,RWT,groundwater,-,-
5,RW-07,2,91,4/6/2020,RWT,groundwater,-,-
6,RW-08,2,91,4/6/2020,RWT,groundwater,-,-
20,RW-05,2,91,4/6/2020,RWT,groundwater,-,-
21,EMW-20,2,91,4/6/2020,RWT,groundwater,-,-
7,EMW-07,3,91,4/6/2020,RWT,groundwater,-,-
8,EMW-11,3,91,4/6/2020,RWT,groundwater,ND,ND
9,EMW-12,3,91,4/6/2020,RWT,groundwater,-,-
22,EMW-13,3,91,4/6/2020,RWT,groundwater,-,-
10,EMW-18,4,91,4/6/2020,RWT,groundwater,-,-
11,EMW-19,4,91,4/6/2020,RWT,groundwater,-,-
12,EMW-21,4.5,91,4/6/2020,RWT,groundwater,-,-
13,EMW-01,5,91,4/6/2020,RWT,groundwater,-,-
14,EMW-02,5,91,4/6/2020,RWT,groundwater,-,-
23,RW-13,0,91,4/6/2020,fluorescein,carbon,ND,ND
24,EMW-14,0,91,4/6/2020,fluorescein,carbon,ND,ND
25,RW-01,0,91,4/6/2020,fluorescein,carbon,*,*
26,RW-03,0,91,4/6/2020,fluorescein,carbon,*,*
1,RW-02,1,91,4/6/2020,fluorescein,carbon,ND,ND
2,VE-02,1,91,4/6/2020,fluorescein,carbon,ND,ND
18,RW-12,1,91,4/6/2020,fluorescein,carbon,515.8,7.87
19,RW-10,1,91,4/6/2020,fluorescein,carbon,ND,ND
3,RW-04,2,91,4/6/2020,fluorescein,carbon,ND,ND
4,RW-06,2,91,4/6/2020,fluorescein,carbon,ND,ND
5,RW-07,2,91,4/6/2020,fluorescein,carbon,ND,ND
6,RW-08,2,91,4/6/2020,fluorescein,carbon,ND,ND
20,RW-05,2,91,4/6/2020,fluorescein,carbon,ND,ND
21,EMW-20,2,91,4/6/2020,fluorescein,carbon,ND,ND
7,EMW-07,3,91,4/6/2020,fluorescein,carbon,514.6,0.231
8,EMW-11,3,91,4/6/2020,fluorescein,carbon,517.4,1.19
9,EMW-12,3,91,4/6/2020,fluorescein,carbon,ND,ND
22,EMW-13,3,91,4/6/2020,fluorescein,carbon,ND,ND
10,EMW-18,4,91,4/6/2020,fluorescein,carbon,*,*
11,EMW-19,4,91,4/6/2020,fluorescein,carbon,*,*
12,EMW-21,4.5,91,4/6/2020,fluorescein,carbon,*,*
13,EMW-01,5,91,4/6/2020,fluorescein,carbon,*,*
14,EMW-02,5,91,4/6/2020,fluorescein,carbon,*,*
23,RW-13,0,91,4/6/2020,RWT,carbon,ND,ND
24,EMW-14,0,91,4/6/2020,RWT,carbon,ND,ND
25,RW-01,0,91,4/6/2020,RWT,carbon,*,*
26,RW-03,0,91,4/6/2020,RWT,carbon,*,*
1,RW-02,1,91,4/6/2020,RWT,carbon,ND,ND
2,VE-02,1,91,4/6/2020,RWT,carbon,ND,ND
18,RW-12,1,91,4/6/2020,RWT,carbon,ND,ND
19,RW-10,1,91,4/6/2020,RWT,carbon,ND,ND
3,RW-04,2,91,4/6/2020,RWT,carbon,567.6,34.6
4,RW-06,2,91,4/6/2020,RWT,carbon,ND,ND
5,RW-07,2,91,4/6/2020,RWT,carbon,ND,ND
6,RW-08,2,91,4/6/2020,RWT,carbon,ND,ND
20,RW-05,2,91,4/6/2020,RWT,carbon,ND,ND
21,EMW-20,2,91,4/6/2020,RWT,carbon,ND,ND
7,EMW-07,3,91,4/6/2020,RWT,carbon,ND,ND
8,EMW-11,3,91,4/6/2020,RWT,carbon,ND,ND
9,EMW-12,3,91,4/6/2020,RWT,carbon,ND,ND
22,EMW-13,3,91,4/6/2020,RWT,carbon,ND,ND
10,EMW-18,4,91,4/6/2020,RWT,carbon,*,*
11,EMW-19,4,91,4/6/2020,RWT,carbon,*,*
12,EMW-21,4.5,91,4/6/2020,RWT,carbon,*,*
13,EMW-01,5,91,4/6/2020,RWT,carbon,*,*
14,EMW-02,5,91,4/6/2020,RWT,carbon,*,*
23,RW-13,0,98,4/13/2020,fluorescein,groundwater,-,-
24,EMW-14,0,98,4/13/2020,fluorescein,groundwater,-,-
25,RW-01,0,98,4/13/2020,fluorescein,groundwater,*,*
26,RW-03,0,98,4/13/2020,fluorescein,groundwater,*,*
1,RW-02,1,98,4/13/2020,fluorescein,groundwater,-,-
2,VE-02,1,98,4/13/2020,fluorescein,groundwater,-,-
18,RW-12,1,98,4/13/2020,fluorescein,groundwater,509.2,0.177
19,RW-10,1,98,4/13/2020,fluorescein,groundwater,-,-
3,RW-04,2,98,4/13/2020,fluorescein,groundwater,ND,ND
4,RW-06,2,98,4/13/2020,fluorescein,groundwater,-,-
5,RW-07,2,98,4/13/2020,fluorescein,groundwater,-,-
6,RW-08,2,98,4/13/2020,fluorescein,groundwater,-,-
20,RW-05,2,98,4/13/2020,fluorescein,groundwater,-,-
21,EMW-20,2,98,4/13/2020,fluorescein,groundwater,-,-
7,EMW-07,3,98,4/13/2020,fluorescein,groundwater,-,-
8,EMW-11,3,98,4/13/2020,fluorescein,groundwater,ND,ND
9,EMW-12,3,98,4/13/2020,fluorescein,groundwater,-,-
22,EMW-13,3,98,4/13/2020,fluorescein,groundwater,-,-
10,EMW-18,4,98,4/13/2020,fluorescein,groundwater,-,-
11,EMW-19,4,98,4/13/2020,fluorescein,groundwater,-,-
12,EMW-21,4.5,98,4/13/2020,fluorescein,groundwater,-,-
13,EMW-01,5,98,4/13/2020,fluorescein,groundwater,-,-
14,EMW-02,5,98,4/13/2020,fluorescein,groundwater,-,-
23,RW-13,0,98,4/13/2020,RWT,groundwater,-,-
24,EMW-14,0,98,4/13/2020,RWT,groundwater,-,-
25,RW-01,0,98,4/13/2020,RWT,groundwater,*,*
26,RW-03,0,98,4/13/2020,RWT,groundwater,*,*
1,RW-02,1,98,4/13/2020,RWT,groundwater,-,-
2,VE-02,1,98,4/13/2020,RWT,groundwater,-,-
18,RW-12,1,98,4/13/2020,RWT,groundwater,ND,ND
19,RW-10,1,98,4/13/2020,RWT,groundwater,-,-
3,RW-04,2,98,4/13/2020,RWT,groundwater,573,0.04
4,RW-06,2,98,4/13/2020,RWT,groundwater,-,-
5,RW-07,2,98,4/13/2020,RWT,groundwater,-,-
6,RW-08,2,98,4/13/2020,RWT,groundwater,-,-
20,RW-05,2,98,4/13/2020,RWT,groundwater,-,-
21,EMW-20,2,98,4/13/2020,RWT,groundwater,-,-
7,EMW-07,3,98,4/13/2020,RWT,groundwater,573.5,19.3
8,EMW-11,3,98,4/13/2020,RWT,groundwater,ND,ND
9,EMW-12,3,98,4/13/2020,RWT,groundwater,-,-
22,EMW-13,3,98,4/13/2020,RWT,groundwater,-,-
10,EMW-18,4,98,4/13/2020,RWT,groundwater,-,-
11,EMW-19,4,98,4/13/2020,RWT,groundwater,-,-
12,EMW-21,4.5,98,4/13/2020,RWT,groundwater,-,-
13,EMW-01,5,98,4/13/2020,RWT,groundwater,-,-
14,EMW-02,5,98,4/13/2020,RWT,groundwater,-,-
23,RW-13,0,98,4/13/2020,fluorescein,carbon,ND,ND
24,EMW-14,0,98,4/13/2020,fluorescein,carbon,ND,ND
25,RW-01,0,98,4/13/2020,fluorescein,carbon,*,*
26,RW-03,0,98,4/13/2020,fluorescein,carbon,*,*
1,RW-02,1,98,4/13/2020,fluorescein,carbon,*,*
2,VE-02,1,98,4/13/2020,fluorescein,carbon,*,*
18,RW-12,1,98,4/13/2020,fluorescein,carbon,516,3.33
19,RW-10,1,98,4/13/2020,fluorescein,carbon,*,*
3,RW-04,2,98,4/13/2020,fluorescein,carbon,ND,ND
4,RW-06,2,98,4/13/2020,fluorescein,carbon,*,*
5,RW-07,2,98,4/13/2020,fluorescein,carbon,*,*
6,RW-08,2,98,4/13/2020,fluorescein,carbon,*,*
20,RW-05,2,98,4/13/2020,fluorescein,carbon,*,*
21,EMW-20,2,98,4/13/2020,fluorescein,carbon,*,*
7,EMW-07,3,98,4/13/2020,fluorescein,carbon,ND,ND
8,EMW-11,3,98,4/13/2020,fluorescein,carbon,518.6,0.97
9,EMW-12,3,98,4/13/2020,fluorescein,carbon,*,*
22,EMW-13,3,98,4/13/2020,fluorescein,carbon,*,*
10,EMW-18,4,98,4/13/2020,fluorescein,carbon,ND,ND
11,EMW-19,4,98,4/13/2020,fluorescein,carbon,ND,ND
12,EMW-21,4.5,98,4/13/2020,fluorescein,carbon,ND,ND
13,EMW-01,5,98,4/13/2020,fluorescein,carbon,*,*
14,EMW-02,5,98,4/13/2020,fluorescein,carbon,*,*
23,RW-13,0,98,4/13/2020,RWT,carbon,ND,ND
24,EMW-14,0,98,4/13/2020,RWT,carbon,ND,ND
25,RW-01,0,98,4/13/2020,RWT,carbon,*,*
26,RW-03,0,98,4/13/2020,RWT,carbon,*,*
1,RW-02,1,98,4/13/2020,RWT,carbon,*,*
2,VE-02,1,98,4/13/2020,RWT,carbon,*,*
18,RW-12,1,98,4/13/2020,RWT,carbon,ND,ND
19,RW-10,1,98,4/13/2020,RWT,carbon,*,*
3,RW-04,2,98,4/13/2020,RWT,carbon,567,14
4,RW-06,2,98,4/13/2020,RWT,carbon,*,*
5,RW-07,2,98,4/13/2020,RWT,carbon,*,*
6,RW-08,2,98,4/13/2020,RWT,carbon,*,*
20,RW-05,2,98,4/13/2020,RWT,carbon,*,*
21,EMW-20,2,98,4/13/2020,RWT,carbon,*,*
7,EMW-07,3,98,4/13/2020,RWT,carbon,569,23.8
8,EMW-11,3,98,4/13/2020,RWT,carbon,ND,ND
9,EMW-12,3,98,4/13/2020,RWT,carbon,*,*
22,EMW-13,3,98,4/13/2020,RWT,carbon,*,*
10,EMW-18,4,98,4/13/2020,RWT,carbon,ND,ND
11,EMW-19,4,98,4/13/2020,RWT,carbon,ND,ND
12,EMW-21,4.5,98,4/13/2020,RWT,carbon,ND,ND
13,EMW-01,5,98,4/13/2020,RWT,carbon,*,*
14,EMW-02,5,98,4/13/2020,RWT,carbon,*,*
23,RW-13,0,105,4/20/2020,fluorescein,groundwater,-,-
24,EMW-14,0,105,4/20/2020,fluorescein,groundwater,-,-
25,RW-01,0,105,4/20/2020,fluorescein,groundwater,*,*
26,RW-03,0,105,4/20/2020,fluorescein,groundwater,*,*
1,RW-02,1,105,4/20/2020,fluorescein,groundwater,-,-
2,VE-02,1,105,4/20/2020,fluorescein,groundwater,-,-
18,RW-12,1,105,4/20/2020,fluorescein,groundwater,508.4,0.267
19,RW-10,1,105,4/20/2020,fluorescein,groundwater,-,-
3,RW-04,2,105,4/20/2020,fluorescein,groundwater,ND,ND
4,RW-06,2,105,4/20/2020,fluorescein,groundwater,-,-
5,RW-07,2,105,4/20/2020,fluorescein,groundwater,-,-
6,RW-08,2,105,4/20/2020,fluorescein,groundwater,-,-
20,RW-05,2,105,4/20/2020,fluorescein,groundwater,-,-
21,EMW-20,2,105,4/20/2020,fluorescein,groundwater,-,-
7,EMW-07,3,105,4/20/2020,fluorescein,groundwater,-,-
8,EMW-11,3,105,4/20/2020,fluorescein,groundwater,-,-
9,EMW-12,3,105,4/20/2020,fluorescein,groundwater,-,-
22,EMW-13,3,105,4/20/2020,fluorescein,groundwater,-,-
10,EMW-18,4,105,4/20/2020,fluorescein,groundwater,-,-
11,EMW-19,4,105,4/20/2020,fluorescein,groundwater,-,-
12,EMW-21,4.5,105,4/20/2020,fluorescein,groundwater,-,-
13,EMW-01,5,105,4/20/2020,fluorescein,groundwater,-,-
14,EMW-02,5,105,4/20/2020,fluorescein,groundwater,-,-
23,RW-13,0,105,4/20/2020,RWT,groundwater,-,-
24,EMW-14,0,105,4/20/2020,RWT,groundwater,-,-
25,RW-01,0,105,4/20/2020,RWT,groundwater,*,*
26,RW-03,0,105,4/20/2020,RWT,groundwater,*,*
1,RW-02,1,105,4/20/2020,RWT,groundwater,-,-
2,VE-02,1,105,4/20/2020,RWT,groundwater,-,-
18,RW-12,1,105,4/20/2020,RWT,groundwater,ND,ND
19,RW-10,1,105,4/20/2020,RWT,groundwater,-,-
3,RW-04,2,105,4/20/2020,RWT,groundwater,ND,ND
4,RW-06,2,105,4/20/2020,RWT,groundwater,-,-
5,RW-07,2,105,4/20/2020,RWT,groundwater,-,-
6,RW-08,2,105,4/20/2020,RWT,groundwater,573.8,6230
20,RW-05,2,105,4/20/2020,RWT,groundwater,-,-
21,EMW-20,2,105,4/20/2020,RWT,groundwater,-,-
7,EMW-07,3,105,4/20/2020,RWT,groundwater,573.6,121
8,EMW-11,3,105,4/20/2020,RWT,groundwater,-,-
9,EMW-12,3,105,4/20/2020,RWT,groundwater,-,-
22,EMW-13,3,105,4/20/2020,RWT,groundwater,-,-
10,EMW-18,4,105,4/20/2020,RWT,groundwater,-,-
11,EMW-19,4,105,4/20/2020,RWT,groundwater,-,-
12,EMW-21,4.5,105,4/20/2020,RWT,groundwater,-,-
13,EMW-01,5,105,4/20/2020,RWT,groundwater,-,-
14,EMW-02,5,105,4/20/2020,RWT,groundwater,-,-
23,RW-13,0,105,4/20/2020,fluorescein,carbon,ND,ND
24,EMW-14,0,105,4/20/2020,fluorescein,carbon,*,*
25,RW-01,0,105,4/20/2020,fluorescein,carbon,*,*
26,RW-03,0,105,4/20/2020,fluorescein,carbon,*,*
1,RW-02,1,105,4/20/2020,fluorescein,carbon,*,*
2,VE-02,1,105,4/20/2020,fluorescein,carbon,*,*
18,RW-12,1,105,4/20/2020,fluorescein,carbon,516,21.1
19,RW-10,1,105,4/20/2020,fluorescein,carbon,*,*
3,RW-04,2,105,4/20/2020,fluorescein,carbon,ND,ND
4,RW-06,2,105,4/20/2020,fluorescein,carbon,ND,ND
5,RW-07,2,105,4/20/2020,fluorescein,carbon,ND,ND
6,RW-08,2,105,4/20/2020,fluorescein,carbon,ND,ND
20,RW-05,2,105,4/20/2020,fluorescein,carbon,ND,ND
21,EMW-20,2,105,4/20/2020,fluorescein,carbon,ND,ND
7,EMW-07,3,105,4/20/2020,fluorescein,carbon,ND,ND
8,EMW-11,3,105,4/20/2020,fluorescein,carbon,519.2,0.62
9,EMW-12,3,105,4/20/2020,fluorescein,carbon,ND,ND
22,EMW-13,3,105,4/20/2020,fluorescein,carbon,ND,ND
10,EMW-18,4,105,4/20/2020,fluorescein,carbon,ND,ND
11,EMW-19,4,105,4/20/2020,fluorescein,carbon,*,*
12,EMW-21,4.5,105,4/20/2020,fluorescein,carbon,*,*
13,EMW-01,5,105,4/20/2020,fluorescein,carbon,*,*
14,EMW-02,5,105,4/20/2020,fluorescein,carbon,*,*
23,RW-13,0,105,4/20/2020,RWT,carbon,ND,ND
24,EMW-14,0,105,4/20/2020,RWT,carbon,*,*
25,RW-01,0,105,4/20/2020,RWT,carbon,*,*
26,RW-03,0,105,4/20/2020,RWT,carbon,*,*
1,RW-02,1,105,4/20/2020,RWT,carbon,*,*
2,VE-02,1,105,4/20/2020,RWT,carbon,*,*
18,RW-12,1,105,4/20/2020,RWT,carbon,ND,ND
19,RW-10,1,105,4/20/2020,RWT,carbon,*,*
3,RW-04,2,105,4/20/2020,RWT,carbon,566.9,5.44
4,RW-06,2,105,4/20/2020,RWT,carbon,ND,ND
5,RW-07,2,105,4/20/2020,RWT,carbon,ND,ND
6,RW-08,2,105,4/20/2020,RWT,carbon,566.2,81900
20,RW-05,2,105,4/20/2020,RWT,carbon,ND,ND
21,EMW-20,2,105,4/20/2020,RWT,carbon,ND,ND
7,EMW-07,3,105,4/20/2020,RWT,carbon,567,495
8,EMW-11,3,105,4/20/2020,RWT,carbon,ND,ND
9,EMW-12,3,105,4/20/2020,RWT,carbon,ND,ND
22,EMW-13,3,105,4/20/2020,RWT,carbon,ND,ND
10,EMW-18,4,105,4/20/2020,RWT,carbon,ND,ND
11,EMW-19,4,105,4/20/2020,RWT,carbon,*,*
12,EMW-21,4.5,105,4/20/2020,RWT,carbon,*,*
13,EMW-01,5,105,4/20/2020,RWT,carbon,*,*
14,EMW-02,5,105,4/20/2020,RWT,carbon,*,*
23,RW-13,0,112,4/27/2020,fluorescein,groundwater,-,-
24,EMW-14,0,112,4/27/2020,fluorescein,groundwater,-,-
25,RW-01,0,112,4/27/2020,fluorescein,groundwater,*,*
26,RW-03,0,112,4/27/2020,fluorescein,groundwater,*,*
1,RW-02,1,112,4/27/2020,fluorescein,groundwater,-,-
2,VE-02,1,112,4/27/2020,fluorescein,groundwater,-,-
18,RW-12,1,112,4/27/2020,fluorescein,groundwater,507.6,14.3
19,RW-10,1,112,4/27/2020,fluorescein,groundwater,-,-
3,RW-04,2,112,4/27/2020,fluorescein,groundwater,ND,ND
4,RW-06,2,112,4/27/2020,fluorescein,groundwater,-,-
5,RW-07,2,112,4/27/2020,fluorescein,groundwater,-,-
6,RW-08,2,112,4/27/2020,fluorescein,groundwater,-,-
20,RW-05,2,112,4/27/2020,fluorescein,groundwater,-,-
21,EMW-20,2,112,4/27/2020,fluorescein,groundwater,-,-
7,EMW-07,3,112,4/27/2020,fluorescein,groundwater,ND,ND
8,EMW-11,3,112,4/27/2020,fluorescein,groundwater,-,-
9,EMW-12,3,112,4/27/2020,fluorescein,groundwater,-,-
22,EMW-13,3,112,4/27/2020,fluorescein,groundwater,-,-
10,EMW-18,4,112,4/27/2020,fluorescein,groundwater,-,-
11,EMW-19,4,112,4/27/2020,fluorescein,groundwater,-,-
12,EMW-21,4.5,112,4/27/2020,fluorescein,groundwater,-,-
13,EMW-01,5,112,4/27/2020,fluorescein,groundwater,-,-
14,EMW-02,5,112,4/27/2020,fluorescein,groundwater,-,-
23,RW-13,0,112,4/27/2020,RWT,groundwater,-,-
24,EMW-14,0,112,4/27/2020,RWT,groundwater,-,-
25,RW-01,0,112,4/27/2020,RWT,groundwater,*,*
26,RW-03,0,112,4/27/2020,RWT,groundwater,*,*
1,RW-02,1,112,4/27/2020,RWT,groundwater,-,-
2,VE-02,1,112,4/27/2020,RWT,groundwater,-,-
18,RW-12,1,112,4/27/2020,RWT,groundwater,ND,ND
19,RW-10,1,112,4/27/2020,RWT,groundwater,-,-
3,RW-04,2,112,4/27/2020,RWT,groundwater,ND,ND
4,RW-06,2,112,4/27/2020,RWT,groundwater,-,-
5,RW-07,2,112,4/27/2020,RWT,groundwater,-,-
6,RW-08,2,112,4/27/2020,RWT,groundwater,-,-
20,RW-05,2,112,4/27/2020,RWT,groundwater,-,-
21,EMW-20,2,112,4/27/2020,RWT,groundwater,-,-
7,EMW-07,3,112,4/27/2020,RWT,groundwater,573.2,920
8,EMW-11,3,112,4/27/2020,RWT,groundwater,ND,ND
9,EMW-12,3,112,4/27/2020,RWT,groundwater,-,-
22,EMW-13,3,112,4/27/2020,RWT,groundwater,-,-
10,EMW-18,4,112,4/27/2020,RWT,groundwater,-,-
11,EMW-19,4,112,4/27/2020,RWT,groundwater,-,-
12,EMW-21,4.5,112,4/27/2020,RWT,groundwater,-,-
13,EMW-01,5,112,4/27/2020,RWT,groundwater,-,-
14,EMW-02,5,112,4/27/2020,RWT,groundwater,-,-
23,RW-13,0,112,4/27/2020,fluorescein,carbon,ND,ND
24,EMW-14,0,112,4/27/2020,fluorescein,carbon,ND,ND
25,RW-01,0,112,4/27/2020,fluorescein,carbon,*,*
26,RW-03,0,112,4/27/2020,fluorescein,carbon,*,*
1,RW-02,1,112,4/27/2020,fluorescein,carbon,*,*
2,VE-02,1,112,4/27/2020,fluorescein,carbon,*,*
18,RW-12,1,112,4/27/2020,fluorescein,carbon,516.2,410
19,RW-10,1,112,4/27/2020,fluorescein,carbon,*,*
3,RW-04,2,112,4/27/2020,fluorescein,carbon,ND,ND
4,RW-06,2,112,4/27/2020,fluorescein,carbon,*,*
5,RW-07,2,112,4/27/2020,fluorescein,carbon,*,*
6,RW-08,2,112,4/27/2020,fluorescein,carbon,*,*
20,RW-05,2,112,4/27/2020,fluorescein,carbon,*,*
21,EMW-20,2,112,4/27/2020,fluorescein,carbon,*,*
7,EMW-07,3,112,4/27/2020,fluorescein,carbon,ND,ND
8,EMW-11,3,112,4/27/2020,fluorescein,carbon,519.6,0.46
9,EMW-12,3,112,4/27/2020,fluorescein,carbon,*,*
22,EMW-13,3,112,4/27/2020,fluorescein,carbon,*,*
10,EMW-18,4,112,4/27/2020,fluorescein,carbon,ND,ND
11,EMW-19,4,112,4/27/2020,fluorescein,carbon,ND,ND
12,EMW-21,4.5,112,4/27/2020,fluorescein,carbon,ND,ND
13,EMW-01,5,112,4/27/2020,fluorescein,carbon,*,*
14,EMW-02,5,112,4/27/2020,fluorescein,carbon,*,*
23,RW-13,0,112,4/27/2020,RWT,carbon,ND,ND
24,EMW-14,0,112,4/27/2020,RWT,carbon,ND,ND
25,RW-01,0,112,4/27/2020,RWT,carbon,*,*
26,RW-03,0,112,4/27/2020,RWT,carbon,*,*
1,RW-02,1,112,4/27/2020,RWT,carbon,*,*
2,VE-02,1,112,4/27/2020,RWT,carbon,*,*
18,RW-12,1,112,4/27/2020,RWT,carbon,ND,ND
19,RW-10,1,112,4/27/2020,RWT,carbon,*,*
3,RW-04,2,112,4/27/2020,RWT,carbon,568.4,4.38
4,RW-06,2,112,4/27/2020,RWT,carbon,*,*
5,RW-07,2,112,4/27/2020,RWT,carbon,*,*
6,RW-08,2,112,4/27/2020,RWT,carbon,*,*
20,RW-05,2,112,4/27/2020,RWT,carbon,*,*
21,EMW-20,2,112,4/27/2020,RWT,carbon,*,*
7,EMW-07,3,112,4/27/2020,RWT,carbon,566,8700
8,EMW-11,3,112,4/27/2020,RWT,carbon,ND,ND
9,EMW-12,3,112,4/27/2020,RWT,carbon,*,*
22,EMW-13,3,112,4/27/2020,RWT,carbon,*,*
10,EMW-18,4,112,4/27/2020,RWT,carbon,ND,ND
11,EMW-19,4,112,4/27/2020,RWT,carbon,ND,ND
12,EMW-21,4.5,112,4/27/2020,RWT,carbon,ND,ND
13,EMW-01,5,112,4/27/2020,RWT,carbon,*,*
14,EMW-02,5,112,4/27/2020,RWT,carbon,*,*
23,RW-13,0,119,5/4/2020,fluorescein,groundwater,-,-
24,EMW-14,0,119,5/4/2020,fluorescein,groundwater,-,-
25,RW-01,0,119,5/4/2020,fluorescein,groundwater,*,*
26,RW-03,0,119,5/4/2020,fluorescein,groundwater,*,*
1,RW-02,1,119,5/4/2020,fluorescein,groundwater,ND,ND
2,VE-02,1,119,5/4/2020,fluorescein,groundwater,-,-
18,RW-12,1,119,5/4/2020,fluorescein,groundwater,507.3,22.3
19,RW-10,1,119,5/4/2020,fluorescein,groundwater,-,-
3,RW-04,2,119,5/4/2020,fluorescein,groundwater,ND,ND
4,RW-06,2,119,5/4/2020,fluorescein,groundwater,-,-
5,RW-07,2,119,5/4/2020,fluorescein,groundwater,-,-
6,RW-08,2,119,5/4/2020,fluorescein,groundwater,ND,ND
20,RW-05,2,119,5/4/2020,fluorescein,groundwater,-,-
21,EMW-20,2,119,5/4/2020,fluorescein,groundwater,-,-
7,EMW-07,3,119,5/4/2020,fluorescein,groundwater,ND,ND
8,EMW-11,3,119,5/4/2020,fluorescein,groundwater,-,-
9,EMW-12,3,119,5/4/2020,fluorescein,groundwater,-,-
22,EMW-13,3,119,5/4/2020,fluorescein,groundwater,-,-
10,EMW-18,4,119,5/4/2020,fluorescein,groundwater,-,-
11,EMW-19,4,119,5/4/2020,fluorescein,groundwater,-,-
12,EMW-21,4.5,119,5/4/2020,fluorescein,groundwater,-,-
13,EMW-01,5,119,5/4/2020,fluorescein,groundwater,-,-
14,EMW-02,5,119,5/4/2020,fluorescein,groundwater,-,-
23,RW-13,0,119,5/4/2020,RWT,groundwater,-,-
24,EMW-14,0,119,5/4/2020,RWT,groundwater,-,-
25,RW-01,0,119,5/4/2020,RWT,groundwater,*,*
26,RW-03,0,119,5/4/2020,RWT,groundwater,*,*
1,RW-02,1,119,5/4/2020,RWT,groundwater,573.6,0.837
2,VE-02,1,119,5/4/2020,RWT,groundwater,-,-
18,RW-12,1,119,5/4/2020,RWT,groundwater,ND,ND
19,RW-10,1,119,5/4/2020,RWT,groundwater,-,-
3,RW-04,2,119,5/4/2020,RWT,groundwater,573.6,1.27
4,RW-06,2,119,5/4/2020,RWT,groundwater,-,-
5,RW-07,2,119,5/4/2020,RWT,groundwater,-,-
6,RW-08,2,119,5/4/2020,RWT,groundwater,573.8,75.3
20,RW-05,2,119,5/4/2020,RWT,groundwater,-,-
21,EMW-20,2,119,5/4/2020,RWT,groundwater,-,-
7,EMW-07,3,119,5/4/2020,RWT,groundwater,573,435
8,EMW-11,3,119,5/4/2020,RWT,groundwater,-,-
9,EMW-12,3,119,5/4/2020,RWT,groundwater,-,-
22,EMW-13,3,119,5/4/2020,RWT,groundwater,-,-
10,EMW-18,4,119,5/4/2020,RWT,groundwater,-,-
11,EMW-19,4,119,5/4/2020,RWT,groundwater,-,-
12,EMW-21,4.5,119,5/4/2020,RWT,groundwater,-,-
13,EMW-01,5,119,5/4/2020,RWT,groundwater,-,-
14,EMW-02,5,119,5/4/2020,RWT,groundwater,-,-
23,RW-13,0,119,5/4/2020,fluorescein,carbon,ND,ND
24,EMW-14,0,119,5/4/2020,fluorescein,carbon,ND,ND
25,RW-01,0,119,5/4/2020,fluorescein,carbon,*,*
26,RW-03,0,119,5/4/2020,fluorescein,carbon,*,*
1,RW-02,1,119,5/4/2020,fluorescein,carbon,ND,ND
2,VE-02,1,119,5/4/2020,fluorescein,carbon,ND,ND
18,RW-12,1,119,5/4/2020,fluorescein,carbon,516.5,1770
19,RW-10,1,119,5/4/2020,fluorescein,carbon,*,*
3,RW-04,2,119,5/4/2020,fluorescein,carbon,ND,ND
4,RW-06,2,119,5/4/2020,fluorescein,carbon,ND,ND
5,RW-07,2,119,5/4/2020,fluorescein,carbon,ND,ND
6,RW-08,2,119,5/4/2020,fluorescein,carbon,ND,ND
20,RW-05,2,119,5/4/2020,fluorescein,carbon,*,*
21,EMW-20,2,119,5/4/2020,fluorescein,carbon,ND,ND
7,EMW-07,3,119,5/4/2020,fluorescein,carbon,ND,ND
8,EMW-11,3,119,5/4/2020,fluorescein,carbon,513.4,0.46
9,EMW-12,3,119,5/4/2020,fluorescein,carbon,ND,ND
22,EMW-13,3,119,5/4/2020,fluorescein,carbon,*,*
10,EMW-18,4,119,5/4/2020,fluorescein,carbon,ND,ND
11,EMW-19,4,119,5/4/2020,fluorescein,carbon,ND,ND
12,EMW-21,4.5,119,5/4/2020,fluorescein,carbon,ND,ND
13,EMW-01,5,119,5/4/2020,fluorescein,carbon,ND,ND
14,EMW-02,5,119,5/4/2020,fluorescein,carbon,ND,ND
23,RW-13,0,119,5/4/2020,RWT,carbon,ND,ND
24,EMW-14,0,119,5/4/2020,RWT,carbon,ND,ND
25,RW-01,0,119,5/4/2020,RWT,carbon,*,*
26,RW-03,0,119,5/4/2020,RWT,carbon,*,*
1,RW-02,1,119,5/4/2020,RWT,carbon,567.4,7.07
2,VE-02,1,119,5/4/2020,RWT,carbon,ND,ND
18,RW-12,1,119,5/4/2020,RWT,carbon,ND,ND
19,RW-10,1,119,5/4/2020,RWT,carbon,*,*
3,RW-04,2,119,5/4/2020,RWT,carbon,567.8,1.91
4,RW-06,2,119,5/4/2020,RWT,carbon,ND,ND
5,RW-07,2,119,5/4/2020,RWT,carbon,ND,ND
6,RW-08,2,119,5/4/2020,RWT,carbon,566.1,113000
20,RW-05,2,119,5/4/2020,RWT,carbon,*,*
21,EMW-20,2,119,5/4/2020,RWT,carbon,ND,ND
7,EMW-07,3,119,5/4/2020,RWT,carbon,566.4,14600
8,EMW-11,3,119,5/4/2020,RWT,carbon,ND,ND
9,EMW-12,3,119,5/4/2020,RWT,carbon,ND,ND
22,EMW-13,3,119,5/4/2020,RWT,carbon,*,*
10,EMW-18,4,119,5/4/2020,RWT,carbon,ND,ND
11,EMW-19,4,119,5/4/2020,RWT,carbon,ND,ND
12,EMW-21,4.5,119,5/4/2020,RWT,carbon,ND,ND
13,EMW-01,5,119,5/4/2020,RWT,carbon,ND,ND
14,EMW-02,5,119,5/4/2020,RWT,carbon,ND,ND